--
-- `ecs_account_log`
--

INSERT INTO `ecs_account_log` (`log_id`, `user_id`, `user_money`, `frozen_money`, `rank_points`, `pay_points`, `change_time`, `change_desc`, `change_type`) VALUES
(1, 5, 1100000.00, 0.00, 0, 0, 1242140736, '11', 2),
(2, 3, 400000.00, 0.00, 0, 0, 1242140752, '21312', 2),
(3, 2, 300000.00, 0.00, 0, 0, 1242140775, '300000', 2),
(4, 1, 50000.00, 0.00, 0, 0, 1242140811, '50', 2),
(5, 5, 0.00, 10000.00, 0, 0, 1242140853, '32', 2),
(6, 1, -400.00, 0.00, 0, 0, 1242142274, '支付 2009051298180', 99),
(7, 1, -975.00, 0.00, 0, 0, 1242142324, '支付 2009051255518', 99),
(8, 1, 0.00, 0.00, 960, 960, 1242142390, ' 2009051255518 送的e分', 99),
(9, 1, 0.00, 0.00, 385, 385, 1242142432, ' 2009051298180 送的e分', 99),
(10, 1, -2310.00, 0.00, 0, 0, 1242142549, '支付 2009051267570', 99),
(11, 1, 0.00, 0.00, 2300, 2300, 1242142589, ' 2009051267570 送的e分', 99),
(12, 1, -5989.00, 0.00, 0, 0, 1242142681, '支付 2009051230249', 99),
(13, 1, -8610.00, 0.00, 0, 0, 1242142808, '支付 2009051276258', 99),
(14, 1, 0.00, 0.00, 0, -1, 1242142910, '⒓Z奇兵Z奇兵之夏新N7 ', 99),
(15, 1, 0.00, 0.00, 0, -1, 1242142935, '⒓Z奇兵Z奇兵之Z基N96 ', 99),
(16, 1, 0.00, 0.00, 0, 100000, 1242143867, '', 2),
(17, 1, -10.00, 0.00, 0, 0, 1242143920, '支付 2009051268194', 99),
(18, 1, 0.00, 0.00, 0, -17000, 1242143920, '支付 2009051268194', 99),
(19, 1, 0.00, 0.00, -960, -960, 1242144185, '由於退或未l操作，退回 2009051255518 送的e分', 99),
(20, 1, 975.00, 0.00, 0, 0, 1242144185, '由於取消、o效或退操作，退回支付 2009051255518 r使用的A付款', 99),
(21, 1, 0.00, 0.00, 960, 960, 1242576445, ' 2009051719232 送的e分', 99),
(22, 3, -1000.00, 0.00, 0, 0, 1242973612, '追加使用余~支付危2009051227085', 99),
(23, 1, -13806.60, 0.00, 0, 0, 1242976699, '支付 2009052224892', 99),
(24, 1, 0.00, 0.00, 14045, 14045, 1242976740, ' 2009052224892 送的e分', 99),
(25, 1, 0.00, 0.00, -2300, -2300, 1245045334, '由於退或未l操作，退回 2009051267570 送的e分', 99),
(26, 1, 2310.00, 0.00, 0, 0, 1245045334, '由於取消、o效或退操作，退回支付 2009051267570 r使用的A付款', 99),
(27, 1, 0.00, 0.00, 17044, 17044, 1245045443, ' 2009061585887 送的e分', 99),
(28, 1, 17054.00, 0.00, 0, 0, 1245045515, '1', 99),
(29, 1, 0.00, 0.00, -17044, -17044, 1245045515, '由於退或未l操作，退回 2009061585887 送的e分', 99),
(30, 1, -3196.30, 0.00, 0, 0, 1245045672, '支付 2009061525429', 99),
(31, 1, -1910.00, 0.00, 0, 0, 1245047978, '支付 2009061503335', 99),
(32, 1, 0.00, 0.00, 1900, 1900, 1245048189, ' 2009061503335 送的e分', 99),
(33, 1, 0.00, 0.00, -1900, -1900, 1245048212, '由於退或未l操作，退回 2009061503335 送的e分', 99),
(34, 1, 1910.00, 0.00, 0, 0, 1245048212, '由於取消、o效或退操作，退回支付 2009061503335 r使用的A付款', 99),
(35, 1, -500.00, 0.00, 0, 0, 1245048585, '支付 2009061510313', 99);

--
-- `ecs_admin_log`
--

INSERT INTO `ecs_admin_log` (`log_id`, `log_time`, `user_id`, `log_info`, `ip_address`) VALUES
(1, 1240294375, 1, '添加品牌管理: Z基', '0.0.0.0'),
(2, 1240295621, 1, '添加傩: Wj型', '0.0.0.0'),
(3, 1240295930, 1, '添加傩: U展卡', '0.0.0.0'),
(4, 1240295980, 1, '添加傩: 操作系y', '0.0.0.0'),
(5, 1240296082, 1, '添加傩: 通rg（分）', '0.0.0.0'),
(6, 1240296102, 1, '添加傩: 待Crg（小r）', '0.0.0.0'),
(7, 1240296379, 1, '添加傩: 上市rg', '0.0.0.0'),
(8, 1240296403, 1, '傩: Wj型', '0.0.0.0'),
(9, 1240296415, 1, '傩: U展卡', '0.0.0.0'),
(10, 1240298784, 1, '添加傩: 手C色', '0.0.0.0'),
(11, 1240300896, 1, '添加傩: 基本配件', '0.0.0.0'),
(12, 1240301110, 1, '添加傩: 附加配件', '0.0.0.0'),
(13, 1240301295, 1, '添加傩: 和C', '0.0.0.0'),
(14, 1240301371, 1, '添加傩: 相C像', '0.0.0.0'),
(15, 1240301487, 1, '添加傩: 感光元件', '0.0.0.0'),
(16, 1240301508, 1, '傩: 和C', '0.0.0.0'),
(17, 1240301518, 1, '傩: 基本配件', '0.0.0.0'),
(18, 1240301570, 1, '添加傩: 移qq', '0.0.0.0'),
(19, 1240301611, 1, '添加傩: gps', '0.0.0.0'),
(20, 1240301650, 1, '添加傩: FM收音C', '0.0.0.0'),
(21, 1240301665, 1, '傩: GPS', '0.0.0.0'),
(22, 1240301679, 1, '傩: FM收音C', '0.0.0.0'),
(23, 1240301705, 1, '添加傩: C薄（l）', '0.0.0.0'),
(24, 1240301715, 1, '添加傩: K-JAVA', '0.0.0.0'),
(25, 1240301788, 1, '添加傩: r格n位', '0.0.0.0'),
(26, 1240305032, 1, '添加傩: 手C邮', '0.0.0.0'),
(27, 1240380338, 1, '添加傩: D形菜', '0.0.0.0'),
(28, 1240380399, 1, '添加傩: 中文短消息', '0.0.0.0'),
(29, 1240380444, 1, '添加傩: 戎眠[', '0.0.0.0'),
(30, 1240380507, 1, '添加傩: Wap 上W', '0.0.0.0'),
(31, 1240380533, 1, '添加傩: Wap 上W', '0.0.0.0'),
(32, 1240380552, 1, '傩: Wap 上W', '0.0.0.0'),
(33, 1240380574, 1, '傩: Wap 上W', '0.0.0.0'),
(34, 1240380587, 1, '傩: Wap 上W', '0.0.0.0'),
(35, 1240380646, 1, '添加傩: 功能', '0.0.0.0'),
(36, 1240380743, 1, '添加傩: 移QQ', '0.0.0.0'),
(37, 1240380759, 1, '添加傩: l格式', '0.0.0.0'),
(38, 1240380831, 1, '添加傩: U卡', '0.0.0.0'),
(39, 1240380875, 1, '添加傩: 手C色', '0.0.0.0'),
(40, 1240380920, 1, '添加傩: 黼防火', '0.0.0.0'),
(41, 1240380945, 1, '添加傩: 英h~典', '0.0.0.0'),
(42, 1240380957, 1, '添加傩: 多Z言@示', '0.0.0.0'),
(43, 1240381002, 1, '添加傩: 子', '0.0.0.0'),
(44, 1240381052, 1, '添加傩: 移 MSN', '0.0.0.0'),
(45, 1240381088, 1, '添加傩: 音l格式', '0.0.0.0'),
(46, 1240381143, 1, '添加傩: 上市rg', '0.0.0.0'),
(47, 1240381206, 1, '添加傩: Z音芴', '0.0.0.0'),
(48, 1240381229, 1, '添加傩: Z音菜', '0.0.0.0'),
(49, 1240381356, 1, '添加傩: 外^邮', '0.0.0.0'),
(50, 1240381382, 1, '添加傩: 天位置', '0.0.0.0'),
(51, 1240381425, 1, '傩: K-JAVA', '0.0.0.0'),
(52, 1240381430, 1, '添加傩: K-JAVA', '0.0.0.0'),
(53, 1240381464, 1, '添加傩: PDA 功能', '0.0.0.0'),
(54, 1240381480, 1, '添加傩: 操作系y', '0.0.0.0'),
(55, 1240381512, 1, '添加傩: 外げ馁|', '0.0.0.0'),
(56, 1240381561, 1, '傩: 基本配件', '0.0.0.0'),
(57, 1240381572, 1, '添加傩: 基本配件', '0.0.0.0'),
(58, 1240381580, 1, '傩: 附加配件', '0.0.0.0'),
(59, 1240381602, 1, '添加傩: 附加配件', '0.0.0.0'),
(60, 1240381627, 1, '傩: 附加配件', '0.0.0.0'),
(61, 1240381694, 1, '添加傩: 自娱_PC', '0.0.0.0'),
(62, 1240381717, 1, '添加傩: l分辨率', '0.0.0.0'),
(63, 1240381731, 1, '添加傩: 影音器', '0.0.0.0'),
(64, 1240381741, 1, '添加傩: D像器', '0.0.0.0'),
(65, 1240381759, 1, '添加傩: 可用却', '0.0.0.0'),
(66, 1240381775, 1, '添加傩: 主屏幕像素', '0.0.0.0'),
(67, 1240381786, 1, '添加傩: 副屏幕像素', '0.0.0.0'),
(68, 1240382037, 1, '添加傩: 更Q外', '0.0.0.0'),
(69, 1240382801, 1, '添加傩: k公功能', '0.0.0.0'),
(70, 1240382823, 1, '添加傩: 鞲衅', '0.0.0.0'),
(71, 1240382844, 1, '添加傩: CPUl率', '0.0.0.0'),
(72, 1240382866, 1, '添加傩: 理待Crg', '0.0.0.0'),
(73, 1240382875, 1, '添加傩: 理通rg', '0.0.0.0'),
(74, 1240383267, 1, '商品型: 3g手C', '0.0.0.0'),
(75, 1240383268, 1, '商品型: 手C', '0.0.0.0'),
(76, 1240383269, 1, '商品型: 3g手C', '0.0.0.0'),
(77, 1240383397, 1, 'h除商品型: D形菜', '0.0.0.0'),
(78, 1240383432, 1, '添加傩: D形菜', '0.0.0.0'),
(79, 1240383491, 1, '添加傩: EFR 服', '0.0.0.0'),
(80, 1240383509, 1, '添加傩: STK 服', '0.0.0.0'),
(81, 1240383528, 1, '添加傩: 通音', '0.0.0.0'),
(82, 1240383554, 1, '添加傩: Z音菜', '0.0.0.0'),
(83, 1240383575, 1, '添加傩: 中文入法', '0.0.0.0'),
(84, 1240383594, 1, '傩: 中文入法', '0.0.0.0'),
(85, 1240383613, 1, '傩: Z音菜', '0.0.0.0'),
(86, 1240383635, 1, '添加傩: 和弦', '0.0.0.0'),
(87, 1240383651, 1, '添加傩: 主屏幕色彩', '0.0.0.0'),
(88, 1240383658, 1, '添加傩: 副屏幕色彩', '0.0.0.0'),
(89, 1240383682, 1, '添加傩: 天位置', '0.0.0.0'),
(90, 1240383700, 1, '添加傩: 功能', '0.0.0.0'),
(91, 1240392733, 1, '安b配送方式: ]政快f包裹', '0.0.0.0'),
(92, 1240392748, 1, '安b配送方式: A通速f', '0.0.0.0'),
(93, 1240392761, 1, '安b配送方式: 城H快f', '0.0.0.0'),
(94, 1240392769, 1, '安b配送方式: 市瓤爝f', '0.0.0.0'),
(95, 1240463689, 1, '添加傩: B拍', '0.0.0.0'),
(96, 1240463709, 1, '添加傩: 定r拍z', '0.0.0.0'),
(97, 1240463729, 1, '添加傩: 照片打印', '0.0.0.0'),
(98, 1240463748, 1, '添加傩: 照片特效', '0.0.0.0'),
(99, 1240463766, 1, '添加傩: 子', '0.0.0.0'),
(100, 1240463777, 1, '添加傩: 外げ馁|', '0.0.0.0'),
(101, 1240463793, 1, '添加傩: 名片呙', '0.0.0.0'),
(102, 1240463803, 1, '添加傩: GPU', '0.0.0.0'),
(103, 1240463814, 1, '添加傩: CPUl率', '0.0.0.0'),
(104, 1240463830, 1, '添加傩: TV-OUT出', '0.0.0.0'),
(105, 1240463843, 1, '添加傩: 黼D片Re', '0.0.0.0'),
(106, 1240463855, 1, '添加傩: 黼防火', '0.0.0.0'),
(107, 1240463865, 1, '添加傩: 背光自诱{', '0.0.0.0'),
(108, 1240463873, 1, '添加傩: 照片分辨率', '0.0.0.0'),
(109, 1240463880, 1, '添加傩: 焦模式', '0.0.0.0'),
(110, 1240463903, 1, '添加傩: 英h~典', '0.0.0.0'),
(111, 1240463925, 1, '添加傩: 多Z言@示', '0.0.0.0'),
(112, 1240463974, 1, '添加傩: 功能', '0.0.0.0'),
(113, 1240463992, 1, '添加傩: 留言答', '0.0.0.0'),
(114, 1240464004, 1, '添加傩: 可用却(MB)', '0.0.0.0'),
(115, 1240464015, 1, '添加傩: GPS', '0.0.0.0'),
(116, 1240464022, 1, '添加傩: 相CW光', '0.0.0.0'),
(117, 1240464030, 1, '添加傩: 移 MSN', '0.0.0.0'),
(118, 1240464038, 1, '添加傩: 移QQ', '0.0.0.0'),
(119, 1240464050, 1, '添加傩: 戎妹襟w播放器', '0.0.0.0'),
(120, 1240464066, 1, '添加傩: 子]件', '0.0.0.0'),
(121, 1240464220, 1, '傩: 待Crg（小r）', '0.0.0.0'),
(122, 1240464272, 1, '傩: Wj型', '0.0.0.0'),
(123, 1240464277, 1, '傩: Wj型', '0.0.0.0'),
(124, 1240464331, 1, '傩: Wj型', '0.0.0.0'),
(125, 1240464631, 1, '傩: Wj型', '0.0.0.0'),
(126, 1240464639, 1, '傩: U展卡', '0.0.0.0'),
(127, 1240464650, 1, '傩: 操作系y', '0.0.0.0'),
(128, 1240464709, 1, '傩: 通rg（分）', '0.0.0.0'),
(129, 1240464720, 1, '傩: 待Crg（小r）', '0.0.0.0'),
(130, 1240464737, 1, '傩: 上市rg', '0.0.0.0'),
(131, 1240464748, 1, '傩: 手C色', '0.0.0.0'),
(132, 1240464758, 1, '傩: 基本配件', '0.0.0.0'),
(133, 1240464770, 1, '傩: 和C', '0.0.0.0'),
(134, 1240464783, 1, '傩: 相C像', '0.0.0.0'),
(135, 1240464794, 1, '傩: 移qq', '0.0.0.0'),
(136, 1240464806, 1, '傩: 感光元件', '0.0.0.0'),
(137, 1240464816, 1, '傩: GPS', '0.0.0.0'),
(138, 1240464827, 1, '傩: FM收音C', '0.0.0.0'),
(139, 1240464853, 1, '傩: FM收音C', '0.0.0.0'),
(140, 1240464869, 1, '傩: C薄（l）', '0.0.0.0'),
(141, 1240464880, 1, '傩: U展卡', '0.0.0.0'),
(142, 1240464896, 1, '傩: U展卡', '0.0.0.0'),
(143, 1240464917, 1, '傩: K-JAVA', '0.0.0.0'),
(144, 1240464931, 1, '傩: r格n位', '0.0.0.0'),
(145, 1240464945, 1, '傩: 手C邮', '0.0.0.0'),
(146, 1240464959, 1, '傩: Wap 上W', '0.0.0.0'),
(147, 1240800622, 1, '添加商品分: 手C型', '0.0.0.0'),
(148, 1240800687, 1, '添加商品分: GSM手C', '0.0.0.0'),
(149, 1240800745, 1, '添加商品分: GSM手C', '0.0.0.0'),
(150, 1240800791, 1, '添加商品分: 3G手C', '0.0.0.0'),
(151, 1240800845, 1, '添加商品分: p模手C', '0.0.0.0'),
(152, 1240800877, 1, '商品分: GSM手C', '0.0.0.0'),
(153, 1240802922, 1, '添加品牌管理: 摩托_拉', '0.0.0.0'),
(154, 1240803062, 1, '品牌管理: Z基', '0.0.0.0'),
(155, 1240803144, 1, '添加品牌管理: 多普_', '0.0.0.0'),
(156, 1240803248, 1, '添加品牌管理: w利浦', '0.0.0.0'),
(157, 1240803352, 1, '添加品牌管理: 夏新', '0.0.0.0'),
(158, 1240803412, 1, '添加品牌管理: 三星', '0.0.0.0'),
(159, 1240803482, 1, '添加品牌管理: 索', '0.0.0.0'),
(160, 1240803526, 1, '添加品牌管理: LG', '0.0.0.0'),
(161, 1240803578, 1, '添加品牌管理: 想', '0.0.0.0'),
(162, 1240803689, 1, '添加品牌管理: 金立', '0.0.0.0'),
(163, 1240803736, 1, '添加品牌管理: 恒基I', '0.0.0.0'),
(164, 1240803750, 1, '品牌管理: 恒基I', '0.0.0.0'),
(165, 1240804593, 1, '商品分: CDMA手C', '0.0.0.0'),
(166, 1240902890, 1, '添加商品: KD876', '0.0.0.0'),
(167, 1240904370, 1, '商品: KD876', '0.0.0.0'),
(168, 1240904461, 1, '商品: KD876', '0.0.0.0'),
(169, 1240912338, 1, 'h除商品型: 手C配件', '0.0.0.0'),
(170, 1240912361, 1, '添加商品分: 手C配件', '0.0.0.0'),
(171, 1240912385, 1, '添加商品分: 充器', '0.0.0.0'),
(172, 1240912477, 1, '添加商品分: 耳C', '0.0.0.0'),
(173, 1240912489, 1, '添加商品分: 池', '0.0.0.0'),
(174, 1241420935, 1, '添加商品分: 111', '0.0.0.0'),
(175, 1241420966, 1, '添加商品: 斤', '0.0.0.0'),
(176, 1241421093, 1, '回收商品: 斤', '0.0.0.0'),
(177, 1241421104, 1, 'h除商品: 斤', '0.0.0.0'),
(178, 1241421110, 1, 'h除商品分: 111', '0.0.0.0'),
(179, 1241421127, 1, '商品分: GSM手C', '0.0.0.0'),
(180, 1241422082, 1, '添加商品: Z基原b5800耳C', '0.0.0.0'),
(181, 1241422137, 1, '添加傩: 卡的型', '0.0.0.0'),
(182, 1241422163, 1, '添加傩: 卡的大小', '0.0.0.0'),
(183, 1241422236, 1, '添加傩: 色', '0.0.0.0'),
(184, 1241422272, 1, '傩: 卡的容量', '0.0.0.0'),
(185, 1241422289, 1, '添加傩: 池容量', '0.0.0.0'),
(186, 1241422347, 1, '商品: Z基原b5800耳C', '0.0.0.0'),
(187, 1241422402, 1, '添加商品: Z基N85原b充器', '0.0.0.0'),
(188, 1241422416, 1, '商品: KD876', '0.0.0.0'),
(189, 1241422518, 1, '添加商品: 索墼bM2卡x卡器', '0.0.0.0'),
(190, 1241422573, 1, '添加商品: KINGMAX却婵', '0.0.0.0'),
(191, 1241422615, 1, '商品: KINGMAX却婵', '0.0.0.0'),
(192, 1241422626, 1, '商品: Z基N85原b充器', '0.0.0.0'),
(193, 1241422785, 1, '添加商品: Z基N85原b立w耳CHS-82 查看商品相 Z基N85原b立w耳CHS-82', '0.0.0.0'),
(194, 1241425512, 1, '添加商品: w利浦9@9v ', '0.0.0.0'),
(195, 1241425836, 1, '商品: w利浦9@9v ', '0.0.0.0'),
(196, 1241425891, 1, '商品: w利浦9@9v ', '0.0.0.0'),
(197, 1241426819, 1, '添加文章分: 3G手CY', '0.0.0.0'),
(198, 1241426864, 1, '添加文章: 三星子宣布⒃谥l布15款3G手C', '0.0.0.0'),
(199, 1241426898, 1, '文章: 三星子宣布⒃谥l布15款3G手C', '0.0.0.0'),
(200, 1241427051, 1, '添加文章: 薄JO限 信3G定制摩托_拉V10l布', '0.0.0.0'),
(201, 1241427449, 1, '文章: 薄JO限 信3G定制摩托_拉V10l布', '0.0.0.0'),
(202, 1241427779, 1, '文章: Z基渴忠 5款衢TTD手CC型推]', '0.0.0.0'),
(203, 1241427850, 1, '文章: Z基渴忠 5款衢TTD手CC型推]', '0.0.0.0'),
(204, 1241511486, 1, '商品: w利浦9@9v', '0.0.0.0'),
(205, 1241511514, 1, '傩: FM收音C', '0.0.0.0'),
(206, 1241511871, 1, '添加商品: Z基E66', '0.0.0.0'),
(207, 1241512315, 1, '商品: Z基E66', '0.0.0.0'),
(208, 1241512443, 1, 'h除商品型: 手C', '0.0.0.0'),
(209, 1241512563, 1, '添加傩: 手C制式', '0.0.0.0'),
(210, 1241512693, 1, '添加傩: 外^邮', '0.0.0.0'),
(211, 1241512704, 1, '添加傩: 上市rg', '0.0.0.0'),
(212, 1241512712, 1, '添加傩: 屏幕', '0.0.0.0'),
(213, 1241512720, 1, '添加傩: z像功能', '0.0.0.0'),
(214, 1241512728, 1, '添加傩: 其它功能', '0.0.0.0'),
(215, 1241512737, 1, '添加傩: a品配置', '0.0.0.0'),
(216, 1241512762, 1, '添加傩: 理通rg', '0.0.0.0'),
(217, 1241512772, 1, '添加傩: 理待Crg', '0.0.0.0'),
(218, 1241512804, 1, '添加傩: 中文短消息', '0.0.0.0'),
(219, 1241512813, 1, '添加傩: 存卡格式', '0.0.0.0'),
(220, 1241512842, 1, '添加傩: 外げ馁|', '0.0.0.0'),
(221, 1241512868, 1, '添加傩: # 情景模式', '0.0.0.0'),
(222, 1241512907, 1, '添加傩: {牙接口', '0.0.0.0'),
(223, 1241512939, 1, '添加傩: GPS', '0.0.0.0'),
(224, 1241512966, 1, '添加傩: MP3播放器', '0.0.0.0'),
(225, 1241512977, 1, '添加傩: l播放', '0.0.0.0'),
(226, 1241513003, 1, '添加傩: 戎眠[', '0.0.0.0'),
(227, 1241513036, 1, '傩: 情景模式', '0.0.0.0'),
(228, 1241513132, 1, '添加傩: r位', '0.0.0.0'),
(229, 1241513210, 1, '添加傩: 色', '0.0.0.0'),
(230, 1241513508, 1, '商品: w利浦9@9v', '0.0.0.0'),
(231, 1241513571, 1, '傩: MP3播放器', '0.0.0.0'),
(232, 1241513596, 1, '傩: 外げ馁|', '0.0.0.0'),
(233, 1241513630, 1, '商品: w利浦9@9v', '0.0.0.0'),
(234, 1241513750, 1, '傩: MP3播放器', '0.0.0.0'),
(235, 1241513771, 1, '添加傩: 附加配件', '0.0.0.0'),
(236, 1241513918, 1, '傩: 像担ㄈf）', '0.0.0.0'),
(237, 1241513939, 1, '商品: w利浦9@9v', '0.0.0.0'),
(238, 1241513959, 1, '傩: 像担ㄈf）', '0.0.0.0'),
(239, 1241518314, 1, '傩: 外げ馁|', '0.0.0.0'),
(240, 1241518329, 1, '傩: r位', '0.0.0.0'),
(241, 1241946343, 1, '原浞: 浞rg2009-05-05 10:36:29', '127.0.0.1'),
(242, 1241965622, 1, '添加商品: 索C702c', '127.0.0.1'),
(243, 1241965816, 1, '添加商品: 索C702c', '127.0.0.1'),
(244, 1241965859, 1, '品牌管理: 摩托_拉', '127.0.0.1'),
(245, 1241965978, 1, '添加商品: 摩托_拉A810', '127.0.0.1'),
(246, 1241966023, 1, '商品: 摩托_拉A810', '127.0.0.1'),
(247, 1241966218, 1, '商品: 摩托_拉A810', '127.0.0.1'),
(248, 1241966408, 1, '商品: 摩托_拉A810', '127.0.0.1'),
(249, 1241966536, 1, '品牌管理: Z基', '127.0.0.1'),
(250, 1241966874, 1, '商品: 摩托_拉A810', '127.0.0.1'),
(251, 1241966922, 1, '回收商品: 索C702c', '127.0.0.1'),
(252, 1241966951, 1, '原商品: 索C702c', '127.0.0.1'),
(253, 1241966963, 1, '回收商品: 索C702c', '127.0.0.1'),
(254, 1241967340, 1, '商品: Z基E66', '127.0.0.1'),
(255, 1241967424, 1, '商品: Z基N85原b立w耳CHS-82', '127.0.0.1'),
(256, 1241967465, 1, '商品: 索墼bM2卡x卡器', '127.0.0.1'),
(257, 1241967487, 1, '商品: Z基N85原b充器', '127.0.0.1'),
(258, 1241967556, 1, '商品: KD876', '127.0.0.1'),
(259, 1241967667, 1, '商品: w利浦9@9v', '127.0.0.1'),
(260, 1241967762, 1, '添加商品: Z基5320 XpressMusic', '127.0.0.1'),
(261, 1241968002, 1, '商品: Z基5320 XpressMusic', '127.0.0.1'),
(262, 1241968058, 1, '商品: Z基5320 XpressMusic', '127.0.0.1'),
(263, 1241968492, 1, '添加商品: Z基5800XM', '127.0.0.1'),
(264, 1241968703, 1, '添加商品: 摩托_拉A810', '127.0.0.1'),
(265, 1241968949, 1, '添加商品: 恒基IG101', '127.0.0.1'),
(266, 1241969394, 1, '添加商品: 夏新N7', '127.0.0.1'),
(267, 1241969533, 1, '添加商品: 夏新T5', '127.0.0.1'),
(268, 1241969541, 1, '回收商品: 夏新T5', '127.0.0.1'),
(269, 1241970139, 1, '添加商品: 三星SGH-F258', '127.0.0.1'),
(270, 1241970175, 1, '商品: 三星SGH-F258', '127.0.0.1'),
(271, 1241970417, 1, '添加商品: 三星BC01', '127.0.0.1'),
(272, 1241970634, 1, '添加商品: 金立 A30', '127.0.0.1'),
(273, 1241970743, 1, '商品: w利浦9@9v', '127.0.0.1'),
(274, 1241971076, 1, '添加商品: 多普_Touch HD', '127.0.0.1'),
(275, 1241971488, 1, '添加商品: Z基N96', '127.0.0.1'),
(276, 1241971556, 1, '商品: Z基N96', '127.0.0.1'),
(277, 1241971981, 1, '添加商品: P806', '127.0.0.1'),
(278, 1241972305, 1, '商品: w利浦9@9v', '127.0.0.1'),
(279, 1241972339, 1, '商品: 恒基IG101', '127.0.0.1'),
(280, 1241972512, 1, '添加商品分: 充值卡', '127.0.0.1'),
(281, 1241972554, 1, '添加商品分: 小`通/固充值卡', '127.0.0.1'),
(282, 1241972598, 1, '添加商品分: 移邮C充值卡', '127.0.0.1'),
(283, 1241972634, 1, '添加商品分: 通手C充值卡', '127.0.0.1'),
(284, 1241972709, 1, '添加商品: 小`通/固50元充值卡', '127.0.0.1'),
(285, 1241972789, 1, '添加商品: 小`通/固20元充值卡', '127.0.0.1'),
(286, 1241972894, 1, '添加商品: 通100元充值卡', '127.0.0.1'),
(287, 1241972976, 1, '添加商品: 通50元充值卡', '127.0.0.1'),
(288, 1241973022, 1, '添加商品: 移100元充值卡', '127.0.0.1'),
(289, 1241973114, 1, '添加商品: 移20元充值卡', '127.0.0.1'),
(290, 1242105946, 1, '原浞: 浞rg2009-05-10 16:33:51', '0.0.0.0'),
(291, 1242106383, 1, '商品: 三星BC01', '0.0.0.0'),
(292, 1242106490, 1, '商品: 三星BC01', '0.0.0.0'),
(293, 1242106594, 1, '添加T~: ecshop', '0.0.0.0'),
(294, 1242106663, 1, '添加T等: vip', '0.0.0.0'),
(295, 1242106727, 1, '添加T等: @石用', '0.0.0.0'),
(296, 1242106771, 1, '商品: Z基N96', '0.0.0.0'),
(297, 1242106836, 1, '商品: Z基5320 XpressMusic', '0.0.0.0'),
(298, 1242106894, 1, '添加T~: vip', '0.0.0.0'),
(299, 1242106928, 1, '添加T~: text', '0.0.0.0'),
(300, 1242106997, 1, '添加T~: zhuangshi', '0.0.0.0'),
(301, 1242107017, 1, 'h除T~: zhuangshi', '0.0.0.0'),
(302, 1242107045, 1, '添加T~: zuanshi', '0.0.0.0'),
(303, 1242107052, 1, 'T~: vip', '0.0.0.0'),
(304, 1242107224, 1, '操作日I: ', '0.0.0.0'),
(305, 1242107360, 1, '添加: 音肥C', '0.0.0.0'),
(306, 1242107418, 1, '添加: 音肥C', '0.0.0.0'),
(307, 1242107466, 1, '添加: 音肥C', '0.0.0.0'),
(308, 1242107517, 1, '添加: 智能手C', '0.0.0.0'),
(309, 1242107557, 1, '添加: 智能手C', '0.0.0.0'),
(310, 1242107611, 1, '添加: 智能手C', '0.0.0.0'),
(311, 1242107825, 1, '添加Z奇兵: Z奇兵之Z基N96', '0.0.0.0'),
(312, 1242107987, 1, '添加Z奇兵: Z奇兵之夏新N7', '0.0.0.0'),
(313, 1242108026, 1, '添加t包型: 用艏t包', '0.0.0.0'),
(314, 1242108084, 1, '添加t包型: 商品t包', '0.0.0.0'),
(315, 1242108124, 1, '添加t包型: 渭t包', '0.0.0.0'),
(316, 1242108159, 1, '添加t包型: 下t包', '0.0.0.0'),
(317, 1242108754, 1, '添加商品R卡: 祝福R卡', '0.0.0.0'),
(318, 1242109088, 1, '添加F商品: P806', '0.0.0.0'),
(319, 1242109198, 1, '商品: 金立 A30', '0.0.0.0'),
(320, 1242109298, 1, '商品: 金立 A30', '0.0.0.0'),
(321, 1242109354, 1, '添加批l活: 金立 A30', '0.0.0.0'),
(322, 1242109644, 1, 'T等: @石用', '0.0.0.0'),
(323, 1242109964, 1, '添加惠活: 5.1Z基惠活', '0.0.0.0'),
(324, 1242110117, 1, '添加拍u活: 拍u活印―索C702c', '0.0.0.0'),
(325, 1242110412, 1, '添加商品: 摩托_拉E8 ', '0.0.0.0'),
(326, 1242110451, 1, '添加: 音肥C', '0.0.0.0'),
(327, 1242110566, 1, '添加超值Y包: 摩托_拉E8 大Y包', '0.0.0.0'),
(328, 1242110760, 1, '添加商品: Z基N85', '0.0.0.0'),
(329, 1242110880, 1, '添加超值Y包: Z基N85大Y包', '0.0.0.0'),
(330, 1242140620, 1, '原浞: 浞rg2009-05-12 06:48:22', '127.0.0.1'),
(331, 1242140683, 1, '添加e分可Q的商品: 24', '127.0.0.1'),
(332, 1242141551, 1, '安b支付方式: 余~支付', '127.0.0.1'),
(333, 1242141813, 1, '安b配送方式: 申通快f', '127.0.0.1'),
(334, 1242141841, 1, '添加配送^域: 申通', '127.0.0.1'),
(335, 1242141890, 1, '添加配送^域: 1', '127.0.0.1'),
(336, 1242141897, 1, '安b配送方式: ]局平]', '127.0.0.1'),
(337, 1242141914, 1, '添加配送^域: ]局', '127.0.0.1'),
(338, 1242141958, 1, '安b配送方式: \M到付', '127.0.0.1'),
(339, 1242142014, 1, '添加配送^域: \M到付', '127.0.0.1'),
(340, 1242142081, 1, '安b支付方式: y行R款/D', '127.0.0.1'),
(341, 1242142190, 1, '配送^域: 1', '127.0.0.1'),
(342, 1242142210, 1, '配送^域: \M到付', '127.0.0.1'),
(343, 1242142227, 1, '配送^域: ]局', '127.0.0.1'),
(344, 1242142503, 1, 't包型: 商品t包', '127.0.0.1'),
(345, 1242143005, 1, 'F商品: P806[3]', '127.0.0.1'),
(346, 1242143557, 1, '商店O置: ', '127.0.0.1'),
(347, 1242144250, 1, '添加: 2009051264945', '127.0.0.1'),
(348, 1242144268, 1, ': 2009051264945,慰金~由 0.00  3800.00', '127.0.0.1'),
(349, 1242144348, 1, ': 2009051264945', '127.0.0.1'),
(350, 1242144353, 1, ': 2009051264945,慰金~由 3800.00  3810.00', '127.0.0.1'),
(351, 1242144356, 1, ': 2009051264945', '127.0.0.1'),
(352, 1242144359, 1, ': 2009051264945', '127.0.0.1'),
(353, 1242144363, 1, ': 2009051264945', '127.0.0.1'),
(354, 1242576182, 1, '安b支付方式: 到付款', '127.0.0.1'),
(355, 1242576584, 1, '添加文章分: 新手上路 ', '127.0.0.1'),
(356, 1242576615, 1, '添加文章分: 手C常R ', '127.0.0.1'),
(357, 1242576627, 1, '添加文章分: 配送c支付 ', '127.0.0.1'),
(358, 1242576634, 1, '添加文章分: 服毡ＷC ', '127.0.0.1'),
(359, 1242576641, 1, '添加文章分: 系我 ', '127.0.0.1'),
(360, 1242576650, 1, '添加文章分: T ', '127.0.0.1'),
(361, 1242576700, 1, '添加文章: 售後流程', '127.0.0.1'),
(362, 1242576717, 1, '添加文章: 物流程', '127.0.0.1'),
(363, 1242576727, 1, '添加文章: 方式', '127.0.0.1'),
(364, 1242576826, 1, '添加文章: 如何分辨原b池', '127.0.0.1'),
(365, 1242576911, 1, '添加文章: 如何分辨水手C ', '127.0.0.1'),
(366, 1242576927, 1, '添加文章: 如何享受全保', '127.0.0.1'),
(367, 1242576971, 1, '文章: 如何分辨原b池', '127.0.0.1'),
(368, 1242577023, 1, '添加文章: 到付款^域', '127.0.0.1'),
(369, 1242577032, 1, '添加文章: 配送支付智能查 ', '127.0.0.1'),
(370, 1242577041, 1, '添加文章: 支付方式f明', '127.0.0.1'),
(371, 1242577080, 1, '文章分: T中心', '127.0.0.1'),
(372, 1242577127, 1, '添加文章: Y金管理', '127.0.0.1'),
(373, 1242577178, 1, '添加文章: 我的收藏', '127.0.0.1'),
(374, 1242577199, 1, '添加文章: 我的', '127.0.0.1'),
(375, 1242577230, 1, '文章: Y金管理', '127.0.0.1'),
(376, 1242577293, 1, '添加文章: 退Q原t', '127.0.0.1'),
(377, 1242577308, 1, '添加文章: 售後服毡ＷC ', '127.0.0.1'),
(378, 1242577326, 1, '添加文章: a品|量保C ', '127.0.0.1'),
(379, 1242577409, 1, '文章分: 系我 ', '127.0.0.1'),
(380, 1242577432, 1, '添加文章: W站故障蟾', '127.0.0.1'),
(381, 1242577448, 1, '添加文章: xC咨 ', '127.0.0.1'),
(382, 1242577459, 1, '添加文章: 投Vc建h ', '127.0.0.1'),
(383, 1242577702, 1, '添加文章: 800f像素超拍照C LG Viewty Smart再曝光', '127.0.0.1'),
(384, 1242577731, 1, '商品: KD876', '127.0.0.1'),
(385, 1242577749, 1, '商品: 三星BC01', '127.0.0.1'),
(386, 1242577768, 1, '商品: 三星SGH-F258', '127.0.0.1'),
(387, 1242577791, 1, '商品: Z基N85', '127.0.0.1'),
(388, 1242577813, 1, '商品: Z基N96', '127.0.0.1'),
(389, 1242577838, 1, '商品: Z基N96', '127.0.0.1'),
(390, 1242577864, 1, '商品: Z基E66', '127.0.0.1'),
(391, 1242578018, 1, '添加文章分: 本站手C促N', '127.0.0.1'),
(392, 1242578199, 1, '添加文章: w利浦9@9促N', '127.0.0.1'),
(393, 1242578365, 1, '文章: w利浦9@9促N', '127.0.0.1'),
(394, 1242578676, 1, '添加文章: Z基5320 促N', '127.0.0.1'),
(395, 1242578826, 1, '添加文章: 促NZ基N96', '127.0.0.1'),
(396, 1242578885, 1, '添加文章分: 站瓤煊', '127.0.0.1'),
(397, 1242579069, 1, '添加文章: Z基6681手CV告欣p', '127.0.0.1'),
(398, 1242579189, 1, '添加文章: 手C[蛳螺d', '127.0.0.1'),
(399, 1242579559, 1, '添加文章: 三星SGHU308f明下d', '127.0.0.1'),
(400, 1242579587, 1, '文章: 三星SGHU308f明下d', '127.0.0.1'),
(401, 1242579622, 1, '文章: 手C[蛳螺d', '127.0.0.1'),
(402, 1242580013, 1, '添加文章: 3G知R普及', '127.0.0.1'),
(403, 1242973211, 1, '原浞: 浞rg2009-05-17 17:10:28', '0.0.0.0'),
(404, 1242973252, 1, '商品分: 通手C充值卡', '0.0.0.0'),
(405, 1242973362, 1, '商品: 摩托_拉A810', '0.0.0.0'),
(406, 1242973436, 1, '商品: 索C702c', '0.0.0.0'),
(407, 1242973501, 1, '文章分: 3GY', '0.0.0.0'),
(408, 1242974080, 1, '添加拍u活: 拍u活印―索C702c(第2期)', '0.0.0.0'),
(409, 1242974159, 1, '拍u活: 拍u活印―索C702c(第2期)', '0.0.0.0'),
(410, 1242974327, 1, '添加F商品: P806', '0.0.0.0'),
(411, 1242974380, 1, 'F商品: P806[8]', '0.0.0.0'),
(412, 1242974613, 1, '添加文章: “沃”的世界我做主', '0.0.0.0'),
(413, 1242976639, 1, '添加用艏t包: 1000091405', '0.0.0.0'),
(414, 1244189181, 1, '商品: 索C702c', '0.0.0.0'),
(415, 1244189344, 1, '文章分: 手C促N', '0.0.0.0'),
(416, 1244190576, 1, '文章: 三星SGHU308f明下d', '0.0.0.0'),
(417, 1244190791, 1, '文章: 三星SGHU308f明下d', '0.0.0.0'),
(418, 1244190825, 1, '文章: 三星SGHU308f明下d', '0.0.0.0'),
(419, 1244190882, 1, '文章: 三星SGHU308f明下d', '0.0.0.0'),
(420, 1244190952, 1, '文章: 三星SGHU308f明下d', '0.0.0.0'),
(421, 1244191015, 1, '文章: 三星SGHU308f明下d', '0.0.0.0'),
(422, 1244191031, 1, '文章: 三星SGHU308f明下d', '0.0.0.0'),
(423, 1244773301, 1, '添加在{查: 您哪难Y知道我的W站', '0.0.0.0'),
(424, 1244773315, 1, '添加在{查: ', '0.0.0.0'),
(425, 1244773328, 1, '添加在{查: 朋友', '0.0.0.0'),
(426, 1244773345, 1, '添加在{查: 友情接', '0.0.0.0'),
(427, 1245042408, 1, '原浞: 浞rg2009-06-12 02:23:14', '0.0.0.0'),
(428, 1245042659, 1, '商品分: 手C型', '0.0.0.0'),
(429, 1245042742, 1, '商品分: GSM手C', '0.0.0.0'),
(430, 1245042772, 1, '商品分: 手C型', '0.0.0.0'),
(431, 1245043251, 1, '文章: 三星SGHU308f明下d', '0.0.0.0'),
(432, 1245043292, 1, '文章: 三星SGHU308f明下d', '0.0.0.0'),
(433, 1245044142, 1, '嘞薰芾: bjgonghuo1', '0.0.0.0'),
(434, 1245044234, 1, '添加供商管理: 北京供商', '0.0.0.0'),
(435, 1245044248, 1, '添加供商管理: 上海供商', '0.0.0.0'),
(436, 1245044469, 1, 't包型: 渭t包', '0.0.0.0'),
(437, 1245044698, 1, '供商管理: 北京供商', '0.0.0.0'),
(438, 1245044706, 1, '供商管理: 上海供商', '0.0.0.0'),
(439, 1245136915, 1, '原浞: 浞rg2009-06-15 06:54:05', '0.0.0.0'),
(440, 1245138481, 1, '原浞: 浞rg2009-06-16 07:47:15', '0.0.0.0'),
(441, 1245220014, 1, '商品: Z基N85', '0.0.0.0'),
(442, 1245220040, 1, '商品: Z基N85', '0.0.0.0'),
(443, 1245220295, 1, '商品: P806', '0.0.0.0'),
(444, 1245220617, 1, '商品: Z基N96', '0.0.0.0'),
(445, 1245220821, 1, '商品: 多普_Touch HD', '0.0.0.0'),
(446, 1245221079, 1, '商品: 金立 A30', '0.0.0.0'),
(447, 1245221279, 1, '商品: 三星BC01', '0.0.0.0'),
(448, 1245221460, 1, '商品: 三星SGH-F258', '0.0.0.0'),
(449, 1245221658, 1, '商品: 夏新N7', '0.0.0.0'),
(450, 1245221889, 1, '商品: 摩托_拉A810', '0.0.0.0'),
(451, 1245222018, 1, '商品: Z基5800XM', '0.0.0.0'),
(452, 1245222169, 1, '商品: Z基5320 XpressMusic', '0.0.0.0'),
(453, 1245222267, 1, '回收商品: 摩托_拉A810', '0.0.0.0'),
(454, 1245222409, 1, '商品: 索C702c', '0.0.0.0'),
(455, 1245222545, 1, '商品: Z基E66', '0.0.0.0'),
(456, 1245222658, 1, '商品: w利浦9@9v', '0.0.0.0'),
(457, 1245222832, 1, '商品: KD876', '0.0.0.0'),
(458, 1245222978, 1, '商店O置: ', '0.0.0.0'),
(459, 1245223043, 1, '商品分: 手C型', '0.0.0.0'),
(460, 1245223128, 1, '商品分: GSM手C', '0.0.0.0'),
(461, 1245223340, 1, '文章: Z基渴忠 5款衢TTD手CC型推]', '0.0.0.0'),
(462, 1245223387, 1, '文章: Z基渴忠 5款衢TTD手CC型推]', '0.0.0.0'),
(463, 1245223611, 1, '原浞: 浞rg2009-06-17 07:23:51', '0.0.0.0');

--
-- `ecs_area_region`
--
INSERT INTO `ecs_area_region` (`shipping_area_id`, `region_id`) VALUES
(1, 1),
(2, 1),
(3, 1),
(4, 3),
(4, 4),
(4, 6),
(4, 9),
(4, 30),
(4, 32);

--
-- `ecs_article`
--

INSERT INTO `ecs_article` (`article_id`, `cat_id`, `title`, `content`, `author`, `author_email`, `keywords`, `article_type`, `is_open`, `add_time`, `file_url`, `open_type`, `link`) VALUES
(7, 4, '三星子宣布⒃谥l布15款3G手C', '<p>全球I先的子a品及第二大移油ㄐ沤K端制造商三星子今天在北京宣布，槿面支持中_展3G移油ㄐI眨⒃3G服照式商用之H，向中市鐾瞥 15款3G手C。@些a品分e支持中三大o\I商的各N3G服眨K已得到\I商的合作J可。{借在子和通信I域的整w技g力和οM者的蚀_ 把握，三星子已_始全面l力中的3G移油ㄐ攀觥<br />\n<br />\n&nbsp;&nbsp;&nbsp;&nbsp;2009年1月，中政府宣布正式3G移油ㄐ欧铡K根中的H情r，Q定由三大\I商分e采用全部三N3GWj制式，&nbsp;即以中自主知Ra楹诵牡TD-SCDMA，以W洲橹饕市龅WCDMA和源自北美的CDMA2000技g。<br />\n<br />\n&nbsp;&nbsp;&nbsp;&nbsp;多 年恚三星子秉承&ldquo;做中人民喜鄣钠I，I於中社的企I&rdquo;的企I理念，蚀_地把握了中社的l展和市龅男枨螅推出了一系列深受中消M者喜 鄣碾子a品。榱伺浜现推M具有自主知Ra嗟3G移油ㄐTD-SCDMA，&nbsp;三星子2000年_始在中O立了通信技g研究院，&nbsp;_始M 行TD-SCDMA技g的研究。作樽钤绯兄Z支持中3G实氖C制造企I，三星子已先後投入了上|元的研究M用，&nbsp;M建了装偃说难邪lF。推出 的TD-SCDMA制式的a品，不H通^了各嗤部T的和zy，也v了2008年北京W\的F隹简。此次橹移佣ㄖ频TD-SCDMA手 C，包括了M足高端商招枨蟮碾p待a品B7702C，以及底蛛手C、多媒w手C和r尚手C。<br />\n<br />\n&nbsp;&nbsp;&nbsp;&nbsp;作槭澜绲诙大手C制造企I，三 星子已在全球3G市龇e累了多年的技g和市鼋。最新的y表明，在完全采用WCDMA实W洲，三星子的市龇蓊~已排名第二。在橹通 涞漠a品中，不H包括能蛑СHSDPA的高端多媒w手CS7520U，也涵w了能蛑С指咚偕暇W、在影、在音返冗m合不同消M需求的各Na品。<br />\n<br />\n&nbsp;&nbsp;&nbsp;&nbsp;而 在主要采用CDMA2000技g的北美市觯三星子也取得了市龇蓊~的第一名。即㈥m上市的支持中信3G服盏EVDOa品，有高端商帐C W709。C能蛑СEVDO/GSM的pWp待功能，含800f像素拍z系y。其他a品包括音肥CM609，p模手CW239，以及r尚O的 F539等。<br />\n<br />\n&nbsp;&nbsp;&nbsp;&nbsp;作槭澜缟仙的蛱峁┲С秩N3G实慕K端S商，三星子正利用其在通信、半w、@示器以及底侄嗝襟w等方面 的荩加快a品底秩诤系倪M程。除上述3G手Ca品外，三星子也於近期推出了用於3GWj的上W卡和WjP本X。三星子铡o事I部大中A ^高副裁R基W先生f，&ldquo;上述15款新品，&nbsp;只是我二季度新a品的一部分。S著中3G移油ㄐ攀龅牟U大，三星⑼瞥龈多m合中市龅慕K 端a品，以M足消M者於通信和底之a品的不同需求。三星也⒎eO配合\I商I盏陌l展，加快技g和用的研l。中3G的移油ㄐ攀銮熬⑹欠浅 明亮的。&rdquo;</p>', '', '', '', 0, 1, 1241426864, '', 0, 'http://'),
(8, 4, 'Z基渴忠 5款衢TTD手CC型推]', '<table width="100%" cellspacing="0" cellpadding="4" align="center" class="tableborder">\r\n<tbody>\r\n<tr>\r\n<td width="180" valign="top" class="altbg4">&nbsp;</td>\r\n<td height="100%" valign="top" class="altbg3">\r\n<table cellspacing="0" cellpadding="0" border="0" style="padding: 5px; table-layout: fixed; width: 973px; height: 2195px;">\r\n<tbody>\r\n<tr>\r\n<td valign="top">\r\n<div class="bbs_content clearfix">S著5月17日信日的砼R，自09年初W民於3G方面P]越碓蕉啵目前3GWj主要有中移TD-SCDMA，中通WCDMA以及 中信的CDMA2000@三N制式。到底是哪一NWj制式能消M者M意，相信好多消M者都y以判唷<br />\r\n<br />\r\n而作3GWj最主要的M 成部分-手持K端（手C） ，相信也是好多消M者P]的焦c。目前，中移TD-SCDMA手CC型ll爆出，其中不乏亮ca品，像想想 Ophone、Z基、多普_ Magic等，下面就P者c大家一起砹私TD-SCDMAWj制式下的卓C型吧。<br />\r\n<br />\r\nZ基TD-SCDMA手C　型：待定　⒖r：尚未上市<br />\r\n<br />\r\nS著3GWjl展速度加快及多手CS商跟M，Z基K於推出TD-SCDMA手C，@款Z基的首_TD-SCDMAy手C型目前仍o法 得知，但逆IP及菜卧O砜矗我可以是知道其K]有采用S60操作系y，只是配淞S40系y，C身直板造型c早期豳u的6300有追窒嘞瘛<br />\r\n<br />\r\n<p><img width="450" alt="" src="http://dstatic.esqimg.com/4812278/1.jpg" style="display: block;" /></p>\r\n<br />\r\n<br />\r\nD椋褐Z基TD-SCDMA手C<br />\r\n<br />\r\nm然]有更多的蒂Y料，但是钠毓獾D片我可以知道@款Z基TD-SCDMA手C必定配淞QVGA分辨率的屏幕以及320f像素的z像^，而实MP3以及{牙等功能自然不缺少，在功能方面不比以往的S40手Cd色。<br />\r\n<br />\r\n<p><img width="450" alt="" src="http://dstatic.esqimg.com/4812279/2.jpg" style="display: block;" /></p>\r\n<br />\r\n<br />\r\nD椋褐Z基TD-SCDMA手C<br />\r\n<br />\r\n@款Z基的TD手C最大的uc便是提供了TD-HSDPA技g的支持，最大的功能特色便是技g被看槭TDWj下一步的演M技g，能蛲rm用於 WCDMA和TD-SCDMA煞N不同的Wj支持，能蚝芎玫闹С址ΨQ的I眨也就是f@款Z基手C的用艏幢阍谌球漫[都能蚴褂玫3GWj。 而其C身前置的z像^也更是C了其3G手C的身份。<br />\r\n<br />\r\n<p><img width="450" alt="" src="http://dstatic.esqimg.com/4812280/3.jpg" style="display: block;" /></p>\r\n<p><br />\r\n<br />\r\nD椋褐Z基TD-SCDMA手C<br />\r\n<br />\r\n哪壳捌毓獾y情r砜矗通^@款Z基TD手CB接Wj，其下d速度能蚍定在1.3Mbps左右，不^根扔行┟襟w的蟮溃Z基官方已C㈧督裉煜掳肽昱浜线\I商中移Τ鲎约旱牡谝豢TD-SCDMA制式的S60手C，大家要拭目以待了。</p>\r\n<p>&nbsp;</p>\r\nD椋褐Z基TD-SCDMA手C<br />\r\n<br />\r\n最後^槟腿の兜谋闶悄壳坝I热耸恐赋瞿壳捌毓獾牡闹Z基TD手C其是去年夏季就出F^的 TDy手C，但是S著Z基碛胁糠止煞莸TD芯片S商&ldquo;P明&rdquo;的倒]，@款C型也就被取消了。M管於目前@款Z基的TDy手C的身份尚o官方的 消息，但是Z基⑼瞥TD手Cz失毫o夷畹氖虑榱耍相信大家也希望在TD制式下能蛴懈多的手C可以x瘛</div>\r\n</td>\r\n</tr>\r\n</tbody>\r\n</table>\r\n</td>\r\n</tr>\r\n</tbody>\r\n</table>\r\n<p>&nbsp;</p>', '', '', '', 0, 1, 1241427051, '', 0, 'http://'),
(9, 5, '售後流程', '', '', '', '', 0, 1, 1242576700, '', 0, 'http://'),
(10, 5, '物流程', '', '', '', '', 0, 1, 1242576717, '', 0, 'http://'),
(11, 5, '方式', '', '', '', '', 0, 1, 1242576727, '', 0, 'http://'),
(12, 6, '如何分辨原b池', '<p><font size="2">一般在Ir主要是依靠^察外^特征的方法龛be池，而原b池一般具有以下一些特征：&nbsp;<br />\n<br />\n1、 池外^整R，外表面有一定的粗糙度且手感舒m，缺砻媸指泄饣，艄庀履芸匆密的v向痕&nbsp;<br />\n<br />\n2、 生aS家字廓清晰，且防苏I亮度高，看上去有立w感，池速N 字E清晰，有c池型相一致的池件<br />\n3、 池速N采用二次印刷技g，在一定光下男泵婵矗l形a部分的色比其他部分要黑，且用手|摸有凹凸感<br />\n<br />\n4、 原b池Oc手C池片度相等，池O下方擞&ldquo; + &rdquo;、&ldquo; - &rdquo;苏I，池O片之g的隔x材料c外げ牧弦恢拢但不是一w<br />\n<br />\n5、 原b池b入手Cr手感舒m，安b自如，池按翰糠挚ㄎ贿m而且牢固<br />\n<br />\n6、 原b池的金儆|c采用|的~片，只有在正面看r才有反光，而钠渌角度看的，都是比^暗淡的</font></p>', '', '', '', 1, 1, 1242576826, '', 0, 'http://'),
(15, 7, '到付款^域', '', '', '', '', 0, 1, 1242577023, '', 0, 'http://'),
(16, 7, '配送支付智能查 ', '', '', '', '', 0, 1, 1242577032, '', 0, 'http://'),
(17, 7, '支付方式f明', '', '', '', '', 0, 1, 1242577041, '', 0, 'http://'),
(18, 10, 'Y金管理', '', '', '', '', 0, 1, 1242577127, '', 0, 'user.php?act=account_log'),
(19, 10, '我的收藏', '', '', '', '', 0, 1, 1242577178, '', 0, 'user.php?act=collection_list'),
(20, 10, '我的', '', '', '', '', 0, 1, 1242577199, '', 0, 'user.php?act=order_list'),
(21, 8, '退Q原t', '', '', '', '服', 0, 1, 1242577293, '', 0, 'http://'),
(22, 8, '售後服毡ＷC ', '', '', '', '售後', 0, 1, 1242577308, '', 0, 'http://'),
(23, 8, 'a品|量保C ', '', '', '', '|量', 1, 1, 1242577326, '', 0, 'http://'),
(24, 9, 'W站故障蟾', '', '', '', '', 0, 1, 1242577432, '', 0, 'http://'),
(25, 9, 'xC咨 ', '', '', '', '', 0, 1, 1242577448, '', 0, 'http://'),
(26, 9, '投Vc建h ', '', '', '', '', 0, 1, 1242577459, '', 0, 'http://'),
(27, 4, '800f像素超拍照C LG Viewty Smart再曝光', '', '', '', '', 0, 1, 1242577702, '', 0, 'http://news.imobile.com.cn/index-a-view-id-66790.html'),
(28, 11, 'w利浦9@9促N', '<p>&nbsp;</p>\r\n<div class="boxCenterList RelaArticle" id="com_v">\r\n<p align="left">作橐豢钚r比O高的入T<font size="3" color="#ff0000"><strong>商帐C</strong></font>，w利浦<a href="mailto:9@9v">Xenium&nbsp; 9@9v</a>三大小105&times;44&times;15.8mm，C身重量H<strong><font size="3" color="#ff0000">75g</font></strong>，b配了一K低格1.75英寸128&times;160像素65000色CSTN@示屏。身正面采用月y色功能I^c屏幕底宙I^相分隔，IPO^<font size="3"><strong><font color="#ff0000">e</font><font color="#ff0000">致</font></strong></font>，中部Ш芥I^采用金色的&ldquo;腰&rdquo;彰@出庥舻纳庀。</p>\r\n<p align="left">&nbsp;</p>\r\n<p align="left">此款手C采用<strong><font size="3" color="#ff0000">|摸屏</font></strong>O，搭配精致的手P，可支持手中文和英文版本。增的戎孟到y能Re潦草字E，_保在移又泻痛颐r入文字的Re率。手指令功能支持特定D案的瞬g{用，特的手事本功能，可以在|摸屏上S意L制性化的D案KM行<strong><font size="3" color="#ff0000">事提醒</font></strong>，商用更加S意。</p>\r\n<p align="left">&nbsp;</p>\r\n<p align="left">&nbsp;作槿腴T挡欢嘀С<strong><font size="3" color="#ff0000">p卡功能</font></strong>的手C，可以同r插入SIM卡，通^菜坞S意切Q，只需_⒙[自忧Q模式，<a href="mailto:9@9V">9@9V</a>在模式下能蚺嗑Wj情r，自忧Qm合的手C。</p>\r\n<p align="left">&nbsp;</p>\r\n<p align="left">&nbsp;</p>\r\n</div>\r\n<p>&nbsp;</p>', '', '', '', 0, 1, 1242578199, '', 0, 'http://'),
(29, 11, 'Z基5320 促N', '<p>&nbsp;</p>\r\n<div id="com_v" class="boxCenterList RelaArticle">\r\n<p>Z基5320XpressMusic音肥C采用XpressMusic系列常的黑t、黑{配色方案，而材|方便tx用的是^<strong><font size="3" color="#ff0000">光理</font></strong>的工程塑料；三/w重椋108&times;46&times;15mm/<strong><font size="3" color="#ff0000">90g</font></strong>，手感舒m。</p>\r\n<p>&nbsp;</p>\r\n<p>Z基5320采用的是一K可面e2.0英寸的<font size="3" color="#ff0000"><strong>1600f色</strong></font>屏幕，分辨率是常的240&times;320像素（QVGA）。m然屏幕不是特e大，但效果非常精，色彩原不e。</p>\r\n<p>&nbsp;</p>\r\n<p>手C背面，Z基5320XM配湟活w<strong><font size="3" color="#ff0000">200W像素</font></strong>的z像^，K且в<strong><font size="3" color="#ff0000">LED的a光</font></strong>，可以F拍照、z像功能，K能通^彩信、]件方式l送o朋友。</p>\r\n<p>&nbsp;</p>\r\n</div>\r\n<p>&nbsp;</p>', '', '', '', 1, 1, 1242578676, '', 0, 'http://'),
(30, 11, '促NZ基N96', '<p>&nbsp;</p>\r\n<div class="boxCenterList RelaArticle" id="com_v">\r\n<p>Z基N96采用了<strong><font size="3" color="#ff0000">p向滑w</font></strong>O，C身整w呈灰黑色，沈、大猓C身材|采用了高度的塑料材|，手C背面采用了光面板的OL格。N96三Swe103*55*20mm，重量125g。屏幕方面，Z基N96配湟K<strong><font size="3" color="#ff0000">2.8英寸</font></strong>的屏幕，支持<strong><font size="3" color="#ff0000">1670f色</font></strong>@示，分辨率_到QVGA（320&times;240）水省</p>\r\n<p>&nbsp;<img src="http://img2.zol.com.cn/product/21/896/ceN6LBMCid3X6.jpg" alt="" /></p>\r\n<p>&nbsp;</p>\r\n<p>Z基N96O置有ｉT的<strong><font size="3" color="#ff0000">音凡シ沛I</font></strong>和实3.5毫米音l插口，支持多格式音凡シ拧戎昧<strong><font size="3" color="#ff0000">多媒w播放器</font></strong>，支持FM{l收音C等饭δ堋N96手C支持<strong><font size="3" color="#ff0000">N-Gage[蚱脚_</font></strong>，戎冒括<font size="3" color="#ff0000"><strong>《PinBall》完整版</strong></font>在鹊乃目N-Gage[颍除了手C本身戎玫倪[颍可以N-Gage的W站下d或者I最新的[颍而且可以在Y和其他玩家一起。</p>\r\n<p>&nbsp;</p>\r\n</div>\r\n<p>&nbsp;<img src="http://img2.zol.com.cn/product/21/898/cekkw57qJjSI.jpg" alt="" /></p>', '', '', '', 1, 1, 1242578826, '', 0, 'http://'),
(13, 6, '如何分辨水手C ', '<p>\n<div class="artibody">\n<p><font size="2"><strong>1、&nbsp;什麽是水？</strong><br />\n提及水手C，按照行I鹊恼f法，可以⑺手C分成三：A、B和C。 </font></p>\n<p><font size="2">A水手C是指由外、港澳_等地^在]有^正常海P渠道的情r下M入仁龅漠a品，就是我常f的走私， c行的主要差是在入法上，@手C都是英文入法或者是港澳_地^的繁w中文入法。@手C其最主要的目的是榱颂颖家P或者因樵Na品曾 ^不正改b而不能蛲ㄟ^正常渠道入P，|量一般]有大的}。但由於逃避P本身就是`法的，所以I@手C的用舾本得不到任何售後保障服眨 </font></p>\n<p><font size="2">B水手C就是走私者⑹C的系y件由英文版升至中文版後，偷\到鹊兀然後N上非法渠道I的入W苏I，作樾胸手C充怠 </font></p>\n<p><font size="2">C水手Ct是那些由其他型C改b、更Q芯片等等方法做假&ldquo;生a&rdquo;出淼模或者就是母鞯刭I手C的部件，自己Mb然後再N上非法I的入W苏I。 </font></p>\n<p><font size="2">水手Cm然不排除它是原S正的可能，但通^市稣{研lF，^大多邓手C都是改版的次，而且a品基本]有受S商的保修S可。</font></p>\n<p><font size="2"><strong>2、水有哪些？</strong>水有煞N，一N俗Q港行，也Q作水行，@Na品原本是在香港 及周地^N售的，但是^非法途竭M入大地^N售。另一N是W版水改C，也Q作W版，水改等，此Na品以英文改版C橹鳎通^刷改C溶件_到英文改 中文的目的，原磉@a品是N往W美地^的，由於和大地^有相大的r格差，所以通^走私M入中市觥</font></p>\n<p><font size="2"><strong>3、水手C的危害</strong><br />\n1、售後服o保障 <br />\n手C作榫密子a品，件、硬件方面都有可能a生不同的}。I正渠道的手C，一旦出F}，只要}反映oS商客舴罩行Ko候佳音就 可以了。大多底咚绞C的uc模^小，根本]有Y金和技g能力建立起自己的S修Wc，因此他往往制定非常苛刻的保修l件，家明令的一年保修期s 短槿月，K加入完全ψ咚绞CN商有利的T如&ldquo;J樗ご&rdquo;等概念y以界定的排除l件(所周知，手C很有可能l生摔撞事件)，是__的霸王l 款。定rg仁C出了故障，走私手CN商通^曲解l款M可能地_保修任。即使他意承保修服眨也需⑹Cl往V州、深圳等地，委托他人S 修。一砺吠韭L，二斫手人繁多，小}&ldquo;修&rdquo;成了大}。最K走私手CN商以o法S修橛窨糇孕腥ギ地正客服S修。至於S修M用，他自然 也不意出了。<br />\n<br />\n2、a品本身|量不^P<br />\n&nbsp;&nbsp;&nbsp; F在很多奸商榱酥\取暴利，常使用C的翻修或者Mb手C冒充A水手CM行N售。作橄M者碚f面和正行之g巨大的r格差，他o法分辨想要I的手C是否象N售商f的那淤|量^硬，在N售商的巧舌如簧下只能眼看自己的X包&ldquo;p肥&rdquo;。 </font></p>\n<p><font size="2">但是@翻修或者Mb的水手C往往榱私档统杀荆其采用的配件往往也是不合格a品，甚至也是瘟赢a品，可以想象由@赢a品Mb起淼氖C的|量究竟可以好到那Y去。目前在常看到手C池爆炸人的事件的蟮溃究其原因也是消M者I了@些Mb的水手C。</font></p>\n<p><font size="2">而且不光@手C硬件存在}，包括手C使用的件。由於Mb的水硬件格根本o法保C和原霎a品一致，手C使用的件也造成和手C硬件的_突。l繁死C就是家常便，更有甚者造成常性的本G失，o法系到好友。</font></p>\n<p><br />\n<font size="2"><strong>4、如何分辨行、水手C？</strong><br />\n1、看手C上是否N有信息aI部&ldquo;MWS可&rdquo;苏I。水c正品的入W苏I稍微有一c不同：真的入W苏I一般都是式打印C打印的，底智逦，色^\，仔看有打的凹痕；假的入W苏I一般是普通墨打印C打印的，底植缓芮逦，色^深，]有凹痕。 </font></p>\n<p><font size="2">2、z查手C的配置，包括中文f明、池、充器等，如果是S家原配，一般均N有S家的激光防苏I。原S配置的 中文f明通常印刷精美，Kc其他Z言的f明及相Pa品Y料的印刷|量、格式、L格等保持一致。不是原S家配置的中文f明通常印刷|量低劣，常出Fe e字，甚至字E模糊。正品手C的包b盒中均附в性S合格C、原Sla卡、原S保修卡，而水t]有。 </font></p>\n<p><font size="2">3、_JN商的保修l例是否cS家一致，在I手Cr索要l票和保修卡。 </font></p>\n<p><font size="2">4、子串是否一致也是C是否水手C的重要途健Ｊ紫仍谑C上按&ldquo;*#06#&rdquo;，一般在手C上@示15 字，@就是本手C的IMEIa。然後打_手C的池w，在手CY有一N，上面也有一IMEIa，@a同手C上@示的IMEIa完全一致。然後 再z查手C的外包b盒上的N，上面也有一IMEIa，@a也同手C上@示的IMEIa完全一致。如果此三a有不一致的地方，@手C就有 }。</font></p>\n</div>\n<p>&nbsp;</p>\n</p>', '', '', '', 0, 1, 1242576911, '', 0, 'http://'),
(14, 6, '如何享受全保', '', '', '', '', 0, 1, 1242576927, '', 0, 'http://'),
(31, 12, 'Z基6681手CV告欣p', '<object>\n<param value="always" name="allowScriptAccess" />\n<param value="transparent" name="wmode" />\n<param value="http://6.cn/player.swf?flag=0&amp;vid=nZNyu3nGNWWYjmtPQDY9nQ" name="movie" /><embed width="480" height="385" src="http://6.cn/player.swf?flag=0&amp;vid=nZNyu3nGNWWYjmtPQDY9nQ" allowscriptaccess="always" wmode="transparent" type="application/x-shockwave-flash"></embed></object>', '', '', '', 0, 1, 1242579069, '', 0, 'http://'),
(32, 12, '手C[蛳螺d', '<p>三星SGHU308f明下d，c粝嚓P接下d</p>', '', '', '', 1, 1, 1242579189, '', 0, 'http://soft.imobile.com.cn/index-a-list_softs-cid-1.html'),
(33, 12, '三星SGHU308f明下d', '<p>三星SGHU308f明下d</p>', '', '', '', 1, 1, 1242579559, 'data/article/1245043292228851198.rar', 2, 'http://'),
(34, 12, '3G知R普及', '<p>\n<h2>3G知R普及</h2>\n<div class="t_msgfont" id="postmessage_8792145"><font color="black">3G，全Q3rd Generation，中文含x就是指第三代底滞ㄐ拧<br />\n</font><br />\n<font color="black">　　1995年世的第一代<span class="t_tag" onclick="tagshow(event)" href="http://mbbs.enet.com.cn/tag.php?name=%C4%A3%C4%E2">模M</span>制式<span class="t_tag" onclick="tagshow(event)" href="http://mbbs.enet.com.cn/tag.php?name=%CA%D6%BB%FA">手C</span>（1G）只能M行<span class="t_tag" onclick="tagshow(event)" href="http://mbbs.enet.com.cn/tag.php?name=%D3%EF%D2%F4">Z音</span>通；<br />\n</font><br />\n<font color="black">　　1996到1997年出F的第二代GSM、TDMA等底种剖绞C（2G）便增加了接收的功能，如接收子]件或W；<br />\n</font><br />\n<font color="black">　　3G不是2009年Q生的，它是上世o的a物，而早在2007年外就已a生4G了，而<span class="t_tag" onclick="tagshow(event)" href="http://mbbs.enet.com.cn/tag.php?name=%D6%D0%B9%FA">中</span>也於2008年成功_l出<span class="t_tag" onclick="tagshow(event)" href="http://mbbs.enet.com.cn/tag.php?name=%D6%D0%B9%FA">中</span>4G，其Wj鬏的速度可_到每秒2G，也就相於下一部影只要一秒。在上世o90年末的日n影如《我的野U女友》中，女主角使用的可以Ψ娇匆自己的l<span class="t_tag" onclick="tagshow(event)" href="http://mbbs.enet.com.cn/tag.php?name=%B5%E7%BB%B0"></span>，就是凫3G技g的重要\用之一。日n等3G的\用是上世o末期的事。而目前外有些地^已\行3.5G甚至4GWj。<br />\n</font><br />\n<font color="black">　 </font><font color="black">（以下檎`В2009年世的第三代（3G）c 前纱的主要^e是在鬏音和的速度上的提升，它能蛟谌球雀好地Fop漫[，K理D像、音贰⒁l流等多N媒w形式，提供包括Wg [、h、子商盏榷喾N信息服眨同r也要考]c已有第二代系y的良好兼容性。榱颂峁┻@N服眨oWj必能蛑С植煌的鬏速度，也就是 f在室取⑹彝夂托熊的h境中能蚍e支持至少2Mbps（兆比特／每秒）、384kbps（千比特／每秒）以及144kbps的鬏速度。（此抵蹈 Wjh境l生化)。<br />\n</font><br />\n<font color="black">　　3G剩H信盟(ITU)目前一共_定了全球四大3G剩它分e是WCDMA、CDMA2000和TD-SCDMA和WiMAX。</font><br />\n<br />\n<font color="black">3G省　H信盟（ITU）在2000年5月_定W-CDMA、CDMA2000、TD-SCDMA以 及WiMAX四大主流o接口剩入3G技g指性文件《2000年H移油ㄓ》（QIMT&mdash;2000）。 CDMA是Code Division Multiple Access (a分多址)的s，是第三代移油ㄐ畔到y的技g基A。第一代移油ㄐ畔到y采用l分多址(FDMA)的模M{制方式，@N系y的主要缺c是lV利用率低， 信令_音I铡５诙代移油ㄐ畔到y主要采用r分多址(TDMA)的底终{制方式，提高了系y容量，K采用立信道魉托帕睿使系y性能大大改善，但 TDMA的系y容量仍然有限，越^切Q性能仍不完善。CDMA系y以其l率巍⑾到y容量大、l率陀孟蹈摺⒖苟侥芰、通信|量好、容量、 切Q等特c@示出巨大的l展力。下面分e介B一下3G的追N剩<br />\n</font><br />\n<br />\n<font color="black">　　 </font><br />\n<font color="black">(1) W-CDMA</font><font color="black"><br />\n</font><br />\n<br />\n<font color="black">　　也QWCDMA，全QWideband CDMA，也QCDMA Direct Spread，意l分a多重存取，@是基於GSMWl展出淼3G技g，是W洲提出的CDMA技g，它c日本提出的CDMA技g基本相 同，目前正在M一步融合。W-CDMA的支持者主要是以GSM系y橹鞯W洲S商，日本公司也或多或少⑴c其中，包括W美的哿⑿拧阿卡特、<span class="t_tag" onclick="tagshow(event)" href="http://mbbs.enet.com.cn/tag.php?name=%C5%B5%BB%F9%D1%C7">Z基</span>、 朗、北，以及日本的NTT、富士通、夏普等S商。 侍岢隽GSM(2G)-GPRS-EDGE-WCDMA(3G)的演M策略。@套系y能蚣茉O在F有的GSMWj上，於系y提供商而言可以^p易 地^渡，但是GSM系y相普及的洲@套新技g的接受度A料相高。因此W-CDMA具有先天的市荨<br />\n</font><br />\n<br />\n<font color="black">　　 </font><br />\n<font color="black">(2)CDMA2000</font><font color="black"><br />\n</font><br />\n<br />\n<font color="black">　　CDMA2000是由窄CDMA(CDMA IS95)技gl展而淼CDMA技g，也QCDMA Multi-Carrier，它是由美高通北美公司橹提出，<span class="t_tag" onclick="tagshow(event)" href="http://mbbs.enet.com.cn/tag.php?name=%C4%A6%CD%D0%C2%DE%C0%AD">摩托_拉</span>、Lucent 和後砑尤氲捻n三星都有⑴c，nF在成樵实闹д摺＿@套系y是恼lCDMAOne底恃苌出淼模可以脑有的CDMAOneY直接升 到3G，建O成本低廉。但目前使用CDMA的地^只有日、n和北美，所以CDMA2000的支持者不如W-CDMA多。不^CDMA2000的研l技g s是目前各手羞M度最快的，S多3G手C已率先面世。侍岢隽CDMA IS95(2G)-CDMA20001x-CDMA20003x(3G)的演M策略。CDMA20001x被Q2.5代移油ㄐ偶夹g。 CDMA20003xcCDMA20001x的主要^e在於用了多路d波技g，通^采用三d波使提高。目前<span class="t_tag" onclick="tagshow(event)" href="http://mbbs.enet.com.cn/tag.php?name=%D6%D0%B9%FA%B5%E7%D0%C5">中信</span>正在采用@一方案向3G^渡，K已建成了CDMA IS95Wj。<br />\n</font><br />\n<br />\n<font color="black">　　 </font><br />\n<font color="black">(3)TD-SCDMA</font><font color="black"><br />\n</font><br />\n<br />\n<font color="black">　　全QTime Division - Synchronous CDMA(r分<span class="t_tag" onclick="tagshow(event)" href="http://mbbs.enet.com.cn/tag.php?name=%CD%AC%B2%BD">同步</span>CDMA)，适怯芍大自制定的3G剩1999年6月29日，中原]部信科W技g研究院（大唐信）向ITU提出。⒅悄o、<span class="t_tag" onclick="tagshow(event)" href="http://mbbs.enet.com.cn/tag.php?name=%CD%AC%B2%BD">同步</span>CDMA和<span class="t_tag" onclick="tagshow(event)" href="http://mbbs.enet.com.cn/tag.php?name=%C8%ED%BC%FE">件</span>o 等今HI先技g融於其中，在lV利用率、I罩С志哂徐`活性、l率`活性及成本等方面的特荨Ａ硗猓由於中鹊凝大的市觯适艿礁 大主要信OS商的重，全球一半以上的OS商都宣布可以支持TD&mdash;SCDMA省 侍岢霾唤^2.5代的中gh，直接向3G^渡，非常m用於GSM系y向3G升。<br />\n</font><br />\n<br />\n<font color="black">　　 </font><br />\n<font color="black">(4)WiMAX</font><font color="black"><br />\n</font><br />\n<br />\n<font color="black">　　WiMAX 的全名是微波存取全球互通(Worldwide Interoperability for Microwave Access)，又Q802&middot;16o城域W，是又一N槠I和家庭用籼峁&ldquo;最後一英Y&rdquo;的oB接方案。⒋思夹gc需要授嗷蛎馐嗟奈⒉ㄔO 相Y合之後，由於成本^低，U大o市觯改善企Ic服展商的J知度。2007年10月19日，H信盟在日韧吲e行的o通信全wh 上，^多家投票通^，WiMAX正式被批食槔^WCDMA、CDMA2000和TD-SCDMA之後的第四全球3G省</font></div>\n</p>', '', '', '', 0, 1, 1242580013, '', 0, 'http://'),
(35, 4, '“沃”的世界我做主', '<p><strong>дZ：<br />\n<br />\n</strong>&nbsp;&nbsp;&nbsp;&nbsp;今年5月17日，是每年一度的世界信日。同r，也是值得中人民高d的日子。昨天，中通企I品牌下的全品牌I&ldquo;沃&rdquo;_始商用，@也就意味著^中移印⒅信之後，鹊谌N3GWj⒁走入我的生活，槲砀加快速便捷的通信服铡<br />\n<br />\n&nbsp;&nbsp;&nbsp;&nbsp;沃，意味著此品牌橛籼峁┮S盈的平_，人客簟⒓彝タ簟⒓F客艉推I服仗峁┤面的支危它代表著中通全新的服绽砟詈新的品牌精神，在3Gr代，榭籼峁┚彩的信息化服铡<br />\n<br />\n&nbsp;&nbsp;&nbsp;&nbsp;下面小楦魑唤榻B卓罡鞔笫C品牌&ldquo;沃&rdquo;打造的定制C型，槟迎接&ldquo;沃&rdquo;的到碜龊贸浞洹</p>\n<p><strong>Z基6210si<br />\n<br />\n</strong>&nbsp;&nbsp;&nbsp;&nbsp;Z基6210s大家肯定不陌生，典的滑wШ绞C。其6210si c6210s外^、怠⒂布配置缀跬耆一樱只不^在6210s的基A上，增加了WCDMAWj的支持，成橹通定制手C。6210si采用Z 基典的滑wC身O，C身面板殇琴烤漆材|，高F雅。C身背板t槟ド巴庥^工程塑料材|，美^的同r增加了手Cc手掌g的摩擦系担防止使用中手 C滑落。</p>\n<p><strong>摩托_拉A3100<br />\n</strong><br />\n&nbsp;&nbsp;&nbsp;&nbsp;作槟ν辛_拉旗下橹通定制的A3100，它有著典的Z卵石造型， 大夥重。淖畛醯U6，到U9再到A3100，Z卵石的x煌依f。A3100有著高F的血y，琴烤漆黑色面板，金倮zC身以及 Windows&nbsp;Mobile&nbsp;6.1&nbsp;Professional操作系y，都告V我它^κ且徊坎豢啥嗟玫暮檬C。</p>\n<p><br />\n<strong>三星S7520U<br />\n</strong><br />\n&nbsp;&nbsp;&nbsp;&nbsp;三星S7520U外^造型r尚，R面O以及超薄的 98.4&times;55&times;11.6mm金C身，更m合女性朋友使用。通^C身，最@眼的就要颠@3.0英寸的超大|摸屏幕了，400x240的WQGVAe分 辨率，能虮QVGAe屏幕@示更榧，表F力更。500f像素z像^f明了C是一名拍照能手，捕捉精彩瞬g不在下。</p>', '', '', '', 0, 0, 1242974613, '', 0, 'http://');

--
-- `ecs_article_cat`
--

INSERT INTO `ecs_article_cat` (`cat_id`, `cat_name`, `cat_type`, `keywords`, `cat_desc`, `sort_order`, `show_in_nav`, `parent_id`) VALUES
(4, '3GY', 1, '', '', 50, 0, 0),
(5, '新手上路 ', 5, '', '', 50, 0, 3),
(6, '手C常R ', 5, '', '手C常R ', 50, 0, 3),
(7, '配送c支付 ', 5, '', '配送c支付 ', 50, 0, 3),
(8, '服毡ＷC ', 5, '', '', 50, 0, 3),
(9, '系我 ', 5, '', '系我 ', 50, 0, 3),
(10, 'T中心', 5, '', '', 50, 0, 3),
(11, '手C促N', 1, '', '', 50, 0, 0),
(12, '站瓤煊', 1, '', '', 50, 0, 0);

--
-- `ecs_auction_log`
--
INSERT INTO `ecs_auction_log` (`log_id`, `act_id`, `bid_user`, `bid_price`, `bid_time`) VALUES
(1, 4, 1, 170.00, 1242144083);

--
-- `ecs_back_order`
--
INSERT INTO `ecs_back_order` (`back_id`, `delivery_sn`, `order_sn`, `order_id`, `invoice_no`, `add_time`, `shipping_id`, `shipping_name`, `user_id`, `action_user`, `consignee`, `address`, `country`, `province`, `city`, `district`, `sign_building`, `email`, `zipcode`, `tel`, `mobile`, `best_time`, `postscript`, `how_oos`, `insure_fee`, `shipping_fee`, `update_time`, `suppliers_id`, `status`, `return_time`, `agency_id`) VALUES
(1, '20090615054961769', '2009061585887', 15, '2009061585884', 1245044533, 3, '', 1, 'admin', '⑾壬', '海d大B', 1, 2, 52, 502, '', 'ecshop@ecshop.com', '', '010-25851234', '13986765412', '', '', '等待所有商品潺R後再l', 0.00, 10.00, 1245044964, 2, 0, 1245045515, 0),
(2, '20090615055104671', '2009061585887', 15, '20090615', 1245044533, 3, '', 1, 'admin', '⑾壬', '海d大B', 1, 2, 52, 502, '', 'ecshop@ecshop.com', '', '010-25851234', '13986765412', '', '', '等待所有商品潺R後再l', 0.00, 10.00, 1245045061, 1, 0, 1245045515, 0),
(3, '20090615055780744', '2009061585887', 15, '123232', 1245044533, 3, '', 1, 'admin', '⑾壬', '海d大B', 1, 2, 52, 502, '', 'ecshop@ecshop.com', '', '010-25851234', '13986765412', '', '', '等待所有商品潺R後再l', 0.00, 10.00, 1245045443, 0, 0, 1245045515, 0),
(4, '20090615064331475', '2009061503335', 17, '00906150333512', 1245047978, 3, '', 1, 'admin', '⑾壬', '海d大B', 1, 2, 52, 502, '', 'ecshop@ecshop.com', '', '010-25851234', '13986765412', '', '', '等待所有商品潺R後再l', 0.00, 10.00, 1245048189, 0, 0, 1245048212, 0);

--
-- `ecs_bonus_type`
--
INSERT INTO `ecs_bonus_type` (`type_id`, `type_name`, `type_money`, `send_type`, `min_amount`, `max_amount`, `send_start_date`, `send_end_date`, `use_start_date`, `use_end_date`, `min_goods_amount`) VALUES
(1, '用艏t包', 2.00, 0, 0.00, 0.00, 1242057600, 1244736000, 1242057600, 1250006400, 500.00),
(2, '商品t包', 10.00, 1, 0.00, 0.00, 1241971200, 1250352000, 1242057600, 1250006400, 500.00),
(3, '渭t包', 20.00, 2, 1500.00, 0.00, 1242057600, 1309363200, 1242057600, 1257955200, 800.00),
(4, '下t包', 5.00, 3, 0.00, 0.00, 1242057600, 1244736000, 1242057600, 1255449600, 360.00);

--
-- `ecs_booking_goods`
--
INSERT INTO `ecs_booking_goods` (`rec_id`, `user_id`, `email`, `link_man`, `tel`, `goods_id`, `goods_desc`, `goods_number`, `booking_time`, `is_dispose`, `dispose_user`, `dispose_time`, `dispose_note`) VALUES
(1, 1, 'ecshop@ecshop.com', '⑾壬', '13986765412', 19, '可以a幔\n我想要一', 1, 1242142762, 0, '', 0, ''),
(2, 3, 'text@ecshop.com', '~先生', '13588104710', 17, '什麽r候有', 1, 1242143592, 0, '', 0, '');

--
-- `ecs_brand`
--
INSERT INTO `ecs_brand` (`brand_id`, `brand_name`, `brand_logo`, `brand_desc`, `site_url`, `sort_order`, `is_show`) VALUES
(1, 'Z基', '1240803062307572427.gif', '公司W站：http://www.nokia.com.cn/\n\n客服：400-880-0123', 'http://www.nokia.com.cn/', 50, 1),
(2, '摩托_拉', '1240802922410634065.gif', '官方咨：4008105050\n售後Wc：http://www.motorola.com.cn/service/carecenter/search.asp ', 'http://www.motorola.com.cn', 50, 1),
(3, '多普_', '1240803144788047486.gif', '官方咨：4008201668\n售後Wc：http://www.dopod.com/pc/service/searchresult2.php ', 'http://www.dopod.com ', 50, 1),
(4, 'w利浦', '1240803247838195732.gif', '官方咨：4008800008\n售後Wc：http://www.philips.com.cn/service/mustservice/index.page ', 'http://www.philips.com.cn ', 50, 1),
(5, '夏新', '1240803352280856940.gif', '官方咨：4008875777\n售後Wc：http://www.amobile.com.cn/service_fwyzc.asp ', 'http://www.amobile.com.cn', 50, 1),
(6, '三星', '1240803412367015368.gif', '官方咨：8008105858\n售後Wc：http://cn.samsungmobile.com/cn/support/search_area_o.jsp ', 'http://cn.samsungmobile.com', 50, 1),
(7, '索', '1240803482283160654.gif', '官方咨：4008100000\n售後Wc：http://www.sonyericsson.com/cws/common/contact?cc=cn&lc=zh ', 'http://www.sonyericsson.com.cn/', 50, 1),
(8, 'LG', '1240803526904622792.gif', '官方咨：4008199999\n售後Wc：http://www.lg.com.cn/front.support.svccenter.retrieveCenter.laf?hrefId=9 ', 'http://cn.wowlg.com', 50, 1),
(9, '想', '1240803578417877983.gif', '官方咨：4008188818\n售後Wc：http://www.lenovomobile.com/service/kf-wanglou.asp', 'http://www.lenovomobile.com/', 50, 1),
(10, '金立', '', '官方咨：4007796666\n售後Wc：http://www.gionee.net/service.asp ', 'http://www.gionee.net', 50, 1),
(11, '  恒基I', '1240803736391383580.gif', '官方咨：4008899126\n售後Wc：http://www.htwchina.com/htwt/wexiu.shtml ', 'http://www.htwchina.com', 50, 1);

--
-- `ecs_card`
--
INSERT INTO `ecs_card` (`card_id`, `card_name`, `card_img`, `card_fee`, `free_money`, `card_desc`) VALUES
(1, '祝福R卡', '1242108754847457261.jpg', 5.00, 1000.00, '把您的祝福Ыo您身的人');

--
-- `ecs_cart`
--
INSERT INTO `ecs_cart` (`rec_id`, `user_id`, `session_id`, `goods_id`, `goods_sn`, `goods_name`, `market_price`, `goods_price`, `goods_number`, `goods_attr`, `is_real`, `extension_code`, `parent_id`, `rec_type`, `is_gift`, `can_handsel`, `goods_attr_id`) VALUES
(40, 0, 0x3530323637633931386364393039643334356463303335343962346332373138, 24, 'ECS000024', 'P806', 2400.00, 2000.00, 1, '', 1, '', 0, 0, 0, 0, 0),
(42, 1, 0x6263626363313439326563613632336536323461613933613937386565363664, 24, 'ECS000024', 'P806', 2400.00, 100.00, 5, '', 1, '', 0, 1, 0, 0, 0);

--
--  `ecs_category`
--
INSERT INTO `ecs_category` (`cat_id`, `cat_name`, `keywords`, `cat_desc`, `parent_id`, `sort_order`, `template_file`, `measure_unit`, `show_in_nav`, `style`, `is_show`, `grade`, `filter_attr`) VALUES
(1, '手C型', '', '', 0, 50, '', '', 0, '', 1, 5, '172,185,178'),
(2, 'CDMA手C', '', '', 1, 50, '', '', 0, '', 1, 0, '6'),
(3, 'GSM手C', '', '', 1, 50, '', '_', 1, '', 1, 4, '185,189,173,178'),
(4, '3G手C', '', '', 1, 50, '', '', 1, '', 1, 0, '28'),
(5, 'p模手C', '', '', 1, 50, '', '', 0, '', 1, 5, '18'),
(6, '手C配件', '', '', 0, 50, '', '', 1, '', 1, 0, '0'),
(7, '充器', '', '', 6, 50, '', '', 0, '', 1, 0, '0'),
(8, '耳C', '', '', 6, 50, '', '', 0, '', 1, 0, '0'),
(9, '池', '', '', 6, 50, '', '', 0, '', 1, 0, '0'),
(11, 'x卡器和却婵', '', '', 6, 50, '', '', 0, '', 1, 0, '0'),
(12, '充值卡', '', '', 0, 50, '', '', 0, '', 1, 0, '0'),
(13, '小`通/固充值卡', '', '', 12, 50, '', '', 0, '', 1, 0, '0'),
(14, '移邮C充值卡', '', '', 12, 50, '', '', 0, '', 1, 0, '0'),
(15, '通手C充值卡', '', '', 12, 50, '', '', 0, '', 1, 0, '0');

--
-- `ecs_cat_recommend`
--
INSERT INTO `ecs_cat_recommend` (`cat_id`, `recommend_type`) VALUES
(3, 1),
(3, 2),
(3, 3),
(5, 1),
(5, 2),
(5, 3),
(12, 1),
(12, 2),
(12, 3),
(13, 3),
(14, 2),
(14, 3),
(15, 1),
(15, 2);

--
-- `ecs_comment`
--
INSERT INTO `ecs_comment` (`comment_id`, `comment_type`, `id_value`, `email`, `user_name`, `content`, `comment_rank`, `add_time`, `ip_address`, `status`, `parent_id`, `user_id`) VALUES
(1, 0, 12, 'ecshop@ecshop.com', 'ecshop', '很好，我很喜g', 5, 1242107120, '0.0.0.0', 1, 0, 1),
(2, 0, 22, 'ecshop@ecshop.com', 'ecshop', '@我不是很m合我', 5, 1242107295, '0.0.0.0', 0, 0, 1);

--
-- `ecs_delivery_goods`
--
INSERT INTO `ecs_delivery_goods` (`rec_id`, `delivery_id`, `goods_id`, `goods_name`, `brand_name`, `goods_sn`, `is_real`, `extension_code`, `parent_id`, `send_number`) VALUES
(1, 1, 13, 'Z基5320 XpressMusic', 'Z基', 'ECS000013', 1, '', 0, 3),
(2, 1, 14, 'Z基5800XM', 'Z基', 'ECS000014', 1, '', 0, 1),
(3, 2, 24, 'P806', '想', 'ECS000024', 1, '', 0, 3),
(4, 2, 9, 'Z基E66', 'Z基', 'ECS000009', 1, '', 0, 1),
(5, 3, 24, 'P806', '想', 'ECS000024', 1, '', 0, 1),
(6, 3, 8, 'w利浦9@9v', 'w利浦', 'ECS000008', 1, '', 0, 3),
(7, 4, 12, '摩托_拉A810', '摩托_拉', 'ECS000012', 1, '', 0, 2),
(8, 5, 24, 'P806', '想', 'ECS000024', 1, '', 0, 1);

--
-- `ecs_delivery_order`
--
INSERT INTO `ecs_delivery_order` (`delivery_id`, `delivery_sn`, `order_sn`, `order_id`, `invoice_no`, `add_time`, `shipping_id`, `shipping_name`, `user_id`, `action_user`, `consignee`, `address`, `country`, `province`, `city`, `district`, `sign_building`, `email`, `zipcode`, `tel`, `mobile`, `best_time`, `postscript`, `how_oos`, `insure_fee`, `shipping_fee`, `update_time`, `suppliers_id`, `status`, `agency_id`) VALUES
(1, '20090615054961769', '2009061585887', 15, '2009061585884', 1245044533, 3, '城H快f', 1, 'admin', '⑾壬', '海d大B', 1, 2, 52, 502, '', 'ecshop@ecshop.com', '', '010-25851234', '13986765412', '', '', '等待所有商品潺R後再l', 0.00, 10.00, 1245044964, 2, 1, 0),
(2, '20090615055104671', '2009061585887', 15, '20090615', 1245044533, 3, '城H快f', 1, 'admin', '⑾壬', '海d大B', 1, 2, 52, 502, '', 'ecshop@ecshop.com', '', '010-25851234', '13986765412', '', '', '等待所有商品潺R後再l', 0.00, 10.00, 1245045061, 1, 1, 0),
(3, '20090615055780744', '2009061585887', 15, '123232', 1245044533, 3, '城H快f', 1, 'admin', '⑾壬', '海d大B', 1, 2, 52, 502, '', 'ecshop@ecshop.com', '', '010-25851234', '13986765412', '', '', '等待所有商品潺R後再l', 0.00, 10.00, 1245045443, 0, 1, 0),
(4, '20090615060281017', '2009061525429', 16, '2009061525121', 1245045672, 3, '城H快f', 1, 'admin', '⑾壬', '海d大B', 1, 2, 52, 502, '', 'ecshop@ecshop.com', '', '010-25851234', '13986765412', '', '', '等待所有商品潺R後再l', 0.00, 10.00, 1245045723, 2, 0, 0),
(5, '20090615064331475', '2009061503335', 17, '00906150333512', 1245047978, 3, '城H快f', 1, 'admin', '⑾壬', '海d大B', 1, 2, 52, 502, '', 'ecshop@ecshop.com', '', '010-25851234', '13986765412', '', '', '等待所有商品潺R後再l', 0.00, 10.00, 1245048189, 0, 1, 0);

--
-- `ecs_exchange_goods`
--
INSERT INTO `ecs_exchange_goods` (`goods_id`, `exchange_integral`, `is_exchange`, `is_hot`) VALUES
(24, 17000, 1, 0),
(19, 80000, 1, 0);

--
-- `ecs_favourable_activity`
--
INSERT INTO `ecs_favourable_activity` (`act_id`, `act_name`, `start_time`, `end_time`, `user_rank`, `act_range`, `act_range_ext`, `min_amount`, `max_amount`, `act_type`, `act_type_ext`, `gift`, `sort_order`) VALUES
(1, '5.1Z基惠活', 1241107200, 1253030400, '1,2', 2, '1', 500.00, 5000.00, 2, 95.00, 'a:0:{}', 50);

--
-- `ecs_feedback`
--
INSERT INTO `ecs_feedback` (`msg_id`, `parent_id`, `user_id`, `user_name`, `user_email`, `msg_title`, `msg_type`, `msg_status`, `msg_content`, `msg_time`, `message_img`, `order_id`, `msg_area`) VALUES
(1, 0, 1, 'ecshop', 'ecshop@ecshop.com', '三星SGH-F258什麽r候到', 4, 0, '三星SGH-F258什麽r候有', 1242107197, '', 0, 0);

--
-- `ecs_goods`
--

INSERT INTO `ecs_goods` VALUES (1, 4, 'ECS000000', 'KD876', '+', 7, 8, '', 1, 0.110, 1665.60, 1388.00, 0.00, 0, 0, 1, 'LG 3g 876 支持 p模 2008年04月 灰色 GSM,850,900,1800,1900', '', '<p>&nbsp;&nbsp;&nbsp;&nbsp;&nbsp;&nbsp;&nbsp;&nbsp; 很多朋友都已先w了3GWj的可通、高速上W等功能。LG KD876手C<span style="font-size: x-large;"><span style="color: rgb(255, 0, 0);"><strong>支持TD-SCDMA/GSMp模未</strong></span></span>，便於y初期GSMWj和TDWj之g的切Q和共享。</p>\r\n<p>&nbsp;&nbsp;&nbsp;&nbsp;&nbsp;&nbsp; LG KD876手C整w采用y色塑料材|，<strong><span style="font-size: x-large;"><span style="color: rgb(255, 0, 0);">特殊的旋D屏O是本C的亮c</span></span></strong>，而C身背部的300f像素z像^也是首l的六款TD-SCDMA手C中配置最高的。LG KD876手C屏幕下方O置有外IP，IP由左/右I、通/CI、返回I、五SuUM成，uU`敏度很高，定位蚀_。KD876的孺IP由12I和三功能I、一戎z像^M成。三功能I分e橐l通、MP3、和菜捂I，所有按I的手感都比^一般，I程m中，由於按I排列^於o密，快速l短信r很容易`按，用粼谑褂r一定要多加]意。LG KD876手CC身周的接口O非常，手C的厚度主要碜云聊恍DS的L度，如果舍旋屏O的，估<span style="font-size: x-large;"><strong><span style="color: rgb(255, 0, 0);">厚度可以做到10mm以下</span></strong></span>。</p>', 'images/200905/thumb_img/1_thumb_G_1240902890710.jpg', 'images/200905/goods_img/1_G_1240902890755.jpg', 'images/200905/source_img/1_G_1240902890895.gif', 1, '', 1, 1, 0, 13, 1240902890, 100, 0, 1, 1, 1, 0, 0, 1269589545, 9, '', -1, -1, NULL, NULL);
INSERT INTO `ecs_goods` VALUES (4, 8, 'ECS000004', 'Z基N85原b充器', '+', 0, 1, '', 17, 0.000, 69.60, 58.00, 0.00, 0, 0, 1, '', '', '', 'images/200905/thumb_img/4_thumb_G_1241422402467.jpg', 'images/200905/goods_img/4_G_1241422402722.jpg', 'images/200905/source_img/4_G_1241422402919.jpg', 1, '', 1, 0, 0, 0, 1241422402, 100, 0, 0, 0, 0, 0, 0, 1242110662, 6, '', -1, -1, NULL, NULL);
INSERT INTO `ecs_goods` VALUES (3, 8, 'ECS000002', 'Z基原b5800耳C', '+', 3, 1, '', 24, 0.000, 81.60, 68.00, 0.00, 0, 0, 1, '', '', '', 'images/200905/thumb_img/3_thumb_G_1241422082679.jpg', 'images/200905/goods_img/3_G_1241422082168.jpg', 'images/200905/source_img/3_G_1241422082367.jpg', 1, '', 1, 1, 0, 0, 1241422082, 100, 0, 0, 0, 0, 0, 0, 1241972255, 6, '', -1, -1, NULL, NULL);
INSERT INTO `ecs_goods` VALUES (5, 11, 'ECS000005', '索墼bM2卡x卡器', '+', 3, 7, '', 8, 0.000, 24.00, 20.00, 0.00, 0, 0, 1, '', '', '', 'images/200905/thumb_img/5_thumb_G_1241422518886.jpg', 'images/200905/goods_img/5_G_1241422518773.jpg', 'images/200905/source_img/5_G_1241422518470.jpg', 1, '', 1, 1, 0, 0, 1241422518, 100, 0, 1, 1, 0, 0, 0, 1241972241, 2, '', -1, -1, NULL, NULL);
INSERT INTO `ecs_goods` VALUES (6, 11, 'ECS000006', 'KINGMAX却婵', '+', 0, 0, '', 15, 0.000, 50.40, 42.00, 0.00, 0, 0, 1, '', '', '', '', '', '', 1, '', 1, 0, 0, 0, 1241422573, 100, 0, 0, 0, 0, 0, 0, 1241972238, 6, '', -1, -1, NULL, NULL);
INSERT INTO `ecs_goods` VALUES (7, 8, 'ECS000007', 'Z基N85原b立w耳CHS-82', '+', 0, 1, '', 20, 0.000, 120.00, 100.00, 0.00, 0, 0, 1, '', '', '', 'images/200905/thumb_img/7_thumb_G_1241422785492.jpg', 'images/200905/goods_img/7_G_1241422785856.jpg', 'images/200905/source_img/7_G_1241422785657.jpg', 1, '', 1, 1, 0, 1, 1241422785, 100, 0, 0, 0, 0, 0, 0, 1241972232, 2, '', -1, -1, NULL, NULL);
INSERT INTO `ecs_goods` VALUES (8, 3, 'ECS000008', 'w利浦9@9v', '+', 9, 4, '', 1, 0.075, 478.79, 399.00, 385.00, 1241366400, 1417276800, 1, 'p模 2008年春 黑色 直板 中低n', '', '<p align="left">作橐豢钚r比O高的入T<font size="3" color="#ff0000"><strong>商帐C</strong></font>，w利浦<a href="mailto:9@9v">Xenium&nbsp; 9@9v</a>三大小105&times;44&times;15.8mm，C身重量H<strong><font size="3" color="#ff0000">75g</font></strong>，b配了一K低格1.75英寸128&times;160像素65000色CSTN@示屏。身正面采用月y色功能I^c屏幕底宙I^相分隔，IPO^<font size="3"><strong><font color="#ff0000">e</font><font color="#ff0000">致</font></strong></font>，中部Ш芥I^采用金色的&ldquo;腰&rdquo;彰@出庥舻纳庀。</p>\r\n<p align="left">&nbsp;</p>\r\n<p align="left">此款手C采用<strong><font size="3" color="#ff0000">|摸屏</font></strong>O，搭配精致的手P，可支持手中文和英文版本。增的戎孟到y能Re潦草字E，_保在移又泻痛颐r入文字的Re率。手指令功能支持特定D案的瞬g{用，特的手事本功能，可以在|摸屏上S意L制性化的D案KM行<strong><font size="3" color="#ff0000">事提醒</font></strong>，商用更加S意。</p>\r\n<p align="left">&nbsp;</p>\r\n<p align="left">&nbsp;作槿腴T挡欢嘀С<strong><font size="3" color="#ff0000">p卡功能</font></strong>的手C，可以同r插入SIM卡，通^菜坞S意切Q，只需_⒙[自忧Q模式，<a href="mailto:9@9V">9@9V</a>在模式下能蚺嗑Wj情r，自忧Qm合的手C。</p>\r\n<p align="left">&nbsp;</p>\r\n<p align="left">&nbsp;</p>', 'images/200905/thumb_img/8_thumb_G_1241425513488.jpg', 'images/200905/goods_img/8_G_1241425513055.jpg', 'images/200905/source_img/8_G_1241425513518.jpg', 1, '', 1, 1, 0, 3, 1241425512, 100, 0, 1, 1, 1, 1, 0, 1269589533, 9, '', -1, -1, NULL, NULL);
INSERT INTO `ecs_goods` VALUES (9, 3, 'ECS000009', 'Z基E66', '+', 20, 1, '', 4, 0.121, 2757.60, 2298.00, 0.00, 0, 0, 1, 'SMS EMS MMS 短消息群l Z音 x器 SMS,EMS,MMS,短消息群lZ音合成信息x器 黑色 白色 滑w', '', '<p>在C身材|方面，Z基E66大量采用金俨馁|，刨光的金俦砻婀尤耍背面的c钚Чts又不失化，r尚感是在不意g出恚K被人所感知。E66C身尺寸<span style="color: rgb(255, 0, 0);"><span style="font-size: larger;"><strong>107.5&times;49.5&times;13.6毫米，重量121克</strong></span></span>，滑w的造型竟然比E71要p一些。</p>\r\n<p>&nbsp;</p>\r\n<div>Z基E66C身正面是<span style="color: rgb(255, 0, 0);"><span style="font-size: larger;"><strong>一K2.4英寸1600f色QVGA分辨率（240&times;320像素）液晶@示屏</strong></span></span>。屏幕上方碛泄饩感元件，能蜃赃m周 h境光{屏幕亮度；屏幕下方是方向功能I^。打_滑w，可以看到鹘y的底宙IP，按I的大小、手感、g隔以及I程m中，手感非常舒m。</div>\r\n<div>&nbsp;</div>\r\n<div>Z基E66配淞艘活w320f像素自焦z像^，вLED W光簦支持多N拍照尺寸x瘛</div>\r\n<p>&nbsp;</p>', 'images/200905/thumb_img/9_thumb_G_1241511871555.jpg', 'images/200905/goods_img/9_G_1241511871574.jpg', 'images/200905/source_img/9_G_1241511871550.jpg', 1, '', 1, 1, 0, 22, 1241511871, 100, 0, 1, 1, 1, 0, 0, 1269589743, 9, '', -1, -1, NULL, NULL);
INSERT INTO `ecs_goods` VALUES (10, 3, 'ECS000010', '索C702c', '+', 11, 7, '', 7, 0.000, 1593.60, 1328.00, 1250.00, 1243785600, 1277827200, 1, '2008年05月 GSM,850,900,1800,1900 直板', '', '<p>C702可以f是一N在外^上凸诺漠a物，不H延mT系列早期的直板造型，而且在屏幕和IP的M合分布上都^承了前的精髓。C702的C身尺寸106&times;48&times;15.5毫米，重量105克。此外索尼哿⑿C702融入了<font size="3" color="#ff0000"><strong>三防特性，即防m、防滑和防水R</strong></font>，@款新的C702搭d了索尼哿⑿沤典A200平_，界面布局cW908c、K858c一致，典型的特征就是配渥笥臆I、中央_定I和通/CI。</p>\r\n<p>索尼哿⑿C702配湟K<strong><font size="3" color="#ff0000">2.2英寸26f色TFT液晶@示屏</font></strong>，分辨率240&times;320像素(QVGA)，@示效果凫赌壳爸髁魉省C702可以f是索尼哿⑿攀着<strong><font size="3" color="#ff0000">戎GPS模K</font></strong>的 手Ca品之一，C702的搜星、定位一夂浅桑十分精剩`差大s在10米之取；本上定位後可以⒂行l星盗靠刂圃4&mdash;6w，可以f可以M足我的需 要了。C702提供了&ldquo;影像定位&rdquo;功能，配合戎玫AGPS全球定位o助系y，只Geo-Tagging智能影像定位功能，便可⑴z地c在 照片龋方便用綦Sr查。</p>\r\n<p>&nbsp;</p>\r\n<p>作橐豢Cyber-shot系列影像手C，索尼哿⑿C702在拍照功能方面同佑胁凰椎谋憩F。K且手C戎玫<strong><font size="3" color="#ff0000">320f像素z像^</font></strong>也 同釉谂恼展δ苌弦膊诲e的表F。不H支持自泳劢购碗pLEDW光功能，而且碛2倍荡a焦、防t眼、Photo fix及鼍澳Ｊ降裙δ堋Ｋ髂哿⑿C702除了配涞氖亲畲蠊馊F3.2的4.2毫米R^之外，C也如同T中的旗C902一釉黾恿δ部有 先自泳劢构δ艿闹С帧</p>\r\n<p>&nbsp;</p>', 'images/200905/thumb_img/10_thumb_G_1242973436403.jpg', 'images/200905/goods_img/10_G_1242973436141.jpg', 'images/200905/source_img/10_G_1242973436172.jpg', 1, '', 1, 1, 0, 13, 1241965622, 100, 0, 0, 0, 1, 1, 0, 1245290333, 9, '', -1, -1, NULL, NULL);
INSERT INTO `ecs_goods` VALUES (11, 3, 'ECS000011', '索C702c', '+', 0, 7, '', 1, 0.000, 0.00, 1300.00, 0.00, 0, 0, 1, '直板', '', '', '', '', '', 1, '', 0, 1, 0, 0, 1241966951, 100, 1, 0, 0, 0, 0, 0, 1241966960, 7, '', -1, -1, NULL, NULL);
INSERT INTO `ecs_goods` VALUES (12, 3, 'ECS000012', '摩托_拉A810', '+', 13, 2, '', 8, 0.000, 1179.60, 983.00, 960.00, 1241107200, 1255104000, 1, 'SMS EMS MMS pda z像 智能 音 SMS,EMS,MMS', '', '<p>全C使用的材|除去池w部分采用了金僖酝猓其它均使用了ABS工程塑料作橹鞑模@款手C的三是105&times;51&times;14毫米，有著100克的p量重量，拿在手中的感X是非常不e的。A810手C作橐豢<strong><font size="3" color="#ff0000">PDA手C</font></strong>在O的r候取消了IP配置，一切底宙I都要依靠手C忍峁┑奶MIPM行操作，在手C的左上仁且<strong><font size="3" color="#ff0000">3.5mm的识C插口</font></strong>，@NO可以用羰褂米约毫T或者喜g的耳C去欣p音贰</p>\r\n<p>&nbsp;</p>\r\n<p>@款摩托_拉A810手C配置了一K<font size="3" color="#ff0000"><strong>26f色的2.2英寸TFT全|摸屏幕</strong></font>，其分辨率_到了主流的QVGA水平（240&times;320像素），摩托_拉A810采用了炔亢诵2.6.10的<strong><font size="3" color="#ff0000">LINUX操作系y</font></strong>，菜紊弦廊徊捎鹘y的9m格的@示方式，一般手C的名片式本只能支持T如、]件、髡妗⒐司等一些基本信息，而A810手C的本除了@些支持公司地址，配偶信息、子女姓名、上司名Q、助手等等，於一款手C碚f，本不可^不大。A810的<strong><font size="3" color="#ff0000">手Re能力相的@人</font></strong>，BP、草和倒插P的Re率都相的高，同r樽笥沂衷O置了不同的Tx瘢K支持手速度的{。</p>\r\n<p>@款A810手C<strong><font size="3" color="#ff0000">戎玫囊凡シ殴δ</font></strong>可以支持MP3、WAV、AMR、AAC等格式的音凡シ牛<font size="3" color="#ff0000"><strong>支持後_播放</strong></font>。l方面，@款A810支持MP4、3GP、H.263格式的播放，l播放器同雍s，操作方便，@款摩托_拉A810戎昧6款[颍每一款都有很高的耐玩性，而且都是支持|摸屏操作的，同r@款手C戎昧<strong><font size="3" color="#ff0000">FM收音C</font></strong>，支持自铀阉鳎K提供了20l道供用舸Γ不^收音CK不支持後_播放。</p>\r\n<p>&nbsp;</p>', 'images/200905/thumb_img/12_thumb_G_1241965978410.jpg', 'images/200905/goods_img/12_G_1241965978209.jpg', 'images/200905/source_img/12_G_1241965978878.jpg', 1, '', 1, 1, 0, 9, 1245297652, 100, 0, 0, 1, 0, 1, 0, 1245297670, 3, '', -1, -1, NULL, NULL);
INSERT INTO `ecs_goods` VALUES (13, 3, 'ECS000013', 'Z基5320 XpressMusic', '+', 13, 1, '', 8, 0.000, 1573.20, 1311.00, 0.00, 0, 0, 1, 'z像 智能 音 {色 t色 舒m 直板 中n 2008年07月 黑色 GSM,850,900,1800,1900', '', '<p>Z基5320XpressMusic音肥C采用XpressMusic系列常的黑t、黑{配色方案，而材|方便tx用的是^<strong><font size="3" color="#ff0000">光理</font></strong>的工程塑料；三/w重椋108&times;46&times;15mm/<strong><font size="3" color="#ff0000">90g</font></strong>，手感舒m。</p>\r\n<p>&nbsp;</p>\r\n<p>Z基5320采用的是一K可面e2.0英寸的<font size="3" color="#ff0000"><strong>1600f色</strong></font>屏幕，分辨率是常的240&times;320像素（QVGA）。m然屏幕不是特e大，但效果非常精，色彩原不e。</p>\r\n<p>&nbsp;</p>\r\n<p>手C背面，Z基5320XM配湟活w<strong><font size="3" color="#ff0000">200W像素</font></strong>的z像^，K且в<strong><font size="3" color="#ff0000">LED的a光</font></strong>，可以F拍照、z像功能，K能通^彩信、]件方式l送o朋友。</p>\r\n<p>&nbsp;</p>', 'images/200905/thumb_img/13_thumb_G_1241968002527.jpg', 'images/200905/goods_img/13_G_1241968002233.jpg', 'images/200905/source_img/13_G_1241968002732.jpg', 1, '', 1, 1, 0, 13, 1241967762, 100, 0, 0, 0, 1, 0, 0, 1269589198, 9, '', -1, -1, NULL, NULL);
INSERT INTO `ecs_goods` VALUES (14, 4, 'ECS000014', 'Z基5800XM', '+', 6, 1, '', 1, 0.000, 3150.00, 2625.00, 0.00, 0, 0, 1, 'GSM 64和弦 2009年2月 320fz像^ GPS 直板 工程塑料 支持 2008年10月 黑色', '', '', 'images/200905/thumb_img/14_thumb_G_1241968492116.jpg', 'images/200905/goods_img/14_G_1241968492932.jpg', 'images/200905/source_img/14_G_1241968492305.jpg', 1, '', 1, 1, 0, 26, 1241968492, 100, 0, 0, 0, 1, 0, 0, 1269589186, 9, '', -1, -1, NULL, NULL);
INSERT INTO `ecs_goods` VALUES (15, 3, 'ECS000015', '摩托_拉A810', '+', 8, 2, '', 3, 0.000, 945.60, 788.00, 0.00, 0, 0, 1, '600 直板 工程塑料 {牙 l拍z 音 黑色 白色', '', '', 'images/200905/thumb_img/15_thumb_G_1242973362970.jpg', 'images/200905/goods_img/15_G_1242973362318.jpg', 'images/200905/source_img/15_G_1242973362751.jpg', 1, '', 1, 1, 0, 5, 1241968703, 100, 1, 0, 1, 1, 0, 0, 1245297631, 9, '', -1, -1, NULL, NULL);
INSERT INTO `ecs_goods` VALUES (16, 2, 'ECS000016', '恒基IG101', '+', 3, 11, '', 0, 0.000, 988.00, 823.33, 0.00, 0, 0, 1, '', '', '', 'images/200905/thumb_img/16_thumb_G_1241968949103.jpg', 'images/200905/goods_img/16_G_1241968949002.jpg', 'images/200905/source_img/16_G_1241968949402.jpg', 1, '', 0, 1, 0, 8, 1241968949, 100, 0, 0, 0, 0, 0, 0, 1245290562, 2, '', -1, -1, NULL, NULL);
INSERT INTO `ecs_goods` VALUES (17, 3, 'ECS000017', '夏新N7', '+', 2, 5, '', 1, 0.000, 2760.00, 2300.00, 0.00, 0, 0, 1, '2008年01月 GSM,900,1800,1900,2100 直板 262144f 240×400 像素 SMS,EMS,MMS,超L信息l送,短消息群l 黑色 CDMA', '', '', 'images/200905/thumb_img/17_thumb_G_1241969394587.jpg', 'images/200905/goods_img/17_G_1241969394677.jpg', 'images/200905/source_img/17_G_1241969394844.jpg', 1, '', 1, 1, 0, 23, 1241969394, 100, 0, 1, 0, 1, 0, 0, 1269589169, 9, '', -1, -1, NULL, NULL);
INSERT INTO `ecs_goods` VALUES (18, 4, 'ECS000018', '夏新T5', '+', 0, 5, '', 1, 0.000, 3453.60, 2878.00, 0.00, 0, 0, 1, '2008年04月 3G(GSM,900,1800,1900,TD-SCDMA ) 直板 262144f 320×240 像素 是 y色', '', '<p>&nbsp;  TD-SCDMA/GSM煞N模式任意切Q，中3G手C先，支持大特有3GWj，p松F可、l留言、lh功能，2.6英寸Q屏，手、IPp入，戎靡幼C券，支持手C]箱、手C地D、oUP</p>', '', '', '', 1, '', 1, 1, 0, 28, 1241969533, 100, 1, 0, 0, 0, 0, 0, 1241969533, 2, '', -1, -1, NULL, NULL);
INSERT INTO `ecs_goods` VALUES (19, 3, 'ECS000019', '三星SGH-F258', '+', 7, 6, '', 12, 0.000, 1029.60, 858.00, 0.00, 0, 0, 1, '滑w GSM 258 r尚 {牙 黑色 金色 白色', '恼w砜矗三星SGH-F258比^r尚可郏三尺寸94×46×17.5mm，重量96克，曲柔和具有玲美感\r\n', '<p>恼w砜矗三星SGH-F258比^<font size="3" color="#ff0000"><strong>r尚</strong></font>可郏三尺寸94&times;46&times;17.5mm，重量96克，曲柔和具有玲美感。</p>\r\n<p>&nbsp;</p>\r\n<p>三星F258的前面板整w用<strong><font size="3" color="#ff0000">R面效果</font></strong>，2.0英寸@示屏幕略@窄小，Ш芥Ic功能I在滑w滑_之前是前面板的全部控制I，]有嗪徒勇I，不^，五向I有<font size="3"><strong><font color="#ff0000">音凡</font><font color="#ff0000">作</font></strong></font>功能，明_@示了F258音肥C的定位。</p>\r\n<p>&nbsp;</p>\r\n<p>F258的底宙II^采用了O具金儋|感的平板式O，每w按I的面e足虼螅按Ic按I之g的g隔明@，操作起硎指惺孢m。</p>', 'images/200905/thumb_img/19_thumb_G_1241970175208.jpg', 'images/200905/goods_img/19_G_1241970175091.jpg', 'images/200905/source_img/19_G_1241970175549.jpg', 1, '', 1, 1, 0, 8, 1241970139, 100, 0, 1, 1, 1, 0, 0, 1269589154, 9, '', -1, -1, NULL, NULL);
INSERT INTO `ecs_goods` VALUES (20, 3, 'ECS000020', '三星BC01', '+', 14, 6, '', 12, 0.000, 336.00, 280.00, 238.00, 1241884800, 1251648000, 1, 'GSM 直板 40和弦 金俨馁| 2008年07月 黑色 GSM,900,1800,1900,2100', '', '', 'images/200905/thumb_img/20_thumb_G_1242106490058.jpg', 'images/200905/goods_img/20_G_1242106490663.jpg', 'images/200905/source_img/20_G_1242106490922.jpg', 1, '', 1, 1, 0, 2, 1241970417, 100, 0, 1, 1, 1, 1, 0, 1269589110, 9, '', -1, -1, NULL, NULL);
INSERT INTO `ecs_goods` VALUES (21, 3, 'ECS000021', '金立 A30', '+', 4, 10, '', 40, 0.000, 2400.00, 2000.00, 0.00, 0, 0, 1, '2008年03月 GSM,900,1800,1900,2100 直板 1600f 240×400 像素 2007年12月 200fz像^ 黑色', '', '<p>&nbsp;</p>\r\n<p align="left"><span style="font-size: medium;"><font size="3">逝渲: 输池K,充器,立w耳C一,,f明送256TF</font></span></p>\r\n<p align="left"><span style="font-size: medium;"><font size="3">通功能&nbsp; 入法 短信功能 C通 通</font></span></p>\r\n<p align="left"><span style="font-size: medium;"><font size="3">入法: 中文入法</font></span></p>\r\n<p align="left"><span style="font-size: medium;"><font size="3">短信功能: 支持短信300l和彩信100l</font></span></p>\r\n<p align="left"><span style="font-size: medium;"><font size="3">C通: 1000M名片式存 黼防火功能&nbsp; 黼大^N及黼Re</font></span></p>\r\n<p align="left"><span style="font-size: medium;"><font size="3">通：支持音,恢/o音,p音多l,免提</font></span></p>\r\n<p>&nbsp;</p>\r\n<p><font size="3">高功能</font></p>\r\n<p align="left"><span style="font-size: medium;"><font size="3">多媒w: 200f像素，最大支持10240*960，11荡a焦,多N效果O置,B拍可全屏查看拍z或下d的D片.支持有MP4短片拍z，像rg根却 大小而定，拍z像,TV可跟朋友家人一起分享。支持Wjz像^功能 支持MPEG4、3GP(H.263)等l格式 支持MP3等音l格式播放， 支持歌~播放</font></span></p>\r\n<p align="left"><span style="font-size: medium;"><font size="3">戎眠[:智能拼D</font></span></p>\r\n<p align="left"><span style="font-size: medium;"><font size="3">U展存功能:支持TFU展,支持UP功能,本C戎1M,SC送256TF卡</font></span></p>\r\n<p align="left"><span style="font-size: medium;"><font size="3">高功能:直板/智能PDA手/IP入 超L待C WAP上W&nbsp; 音 {牙 FM收音C 子 JavaU展 TV出 控Z音芴 免M 黼防火&nbsp;&nbsp;&nbsp;</font></span></p>\r\n<p align="left"><span style="font-size: medium;"><font size="3">附加功能: 日v 算器 [ 事本 日程表 秒表 挝Q算</font></span></p>\r\n<p><span style="font-size: medium;"><font size="3">提醒 以上性能均楸竟司T工C後所,a品Y料H供⒖,以收到物</font></span></p>', 'images/200905/thumb_img/21_thumb_G_1242109298150.jpg', 'images/200905/goods_img/21_G_1242109298873.jpg', 'images/200905/source_img/21_G_1242109298831.jpg', 1, '', 1, 1, 0, 20, 1241970634, 100, 0, 0, 0, 0, 0, 0, 1269589102, 9, '', -1, -1, NULL, NULL);
INSERT INTO `ecs_goods` VALUES (22, 3, 'ECS000022', '多普_Touch HD', '+', 15, 3, '', 1, 0.000, 7198.80, 5999.00, 0.00, 0, 0, 1, '500fz像^ {牙 手 GPS k公用 Z音芴 2008年12月 黑色 GSM,850,900,1800,1900 直板', '', '<p><img src="http://xgone.xgou.com/xgoumanage/upload/20090325/2009032502045081100887.jpg" alt="" /></p>\r\n<p>&nbsp;</p>\r\n<p><img src="http://www.ouku.com/upimg/ouku/Image/002(1).jpg" alt="" /></p>\r\n<p>&nbsp;</p>\r\n<p>&nbsp;</p>', 'images/200905/thumb_img/22_thumb_G_1241971076803.jpg', 'images/200905/goods_img/22_G_1241971076358.jpg', 'images/200905/source_img/22_G_1241971076130.jpg', 1, '', 1, 1, 0, 59, 1241971076, 100, 0, 1, 1, 0, 0, 0, 1269589090, 9, '', -1, -1, NULL, NULL);
INSERT INTO `ecs_goods` VALUES (23, 5, 'ECS000023', 'Z基N96', '+', 17, 1, '', 8, 0.000, 4440.00, 3700.00, 0.00, 0, 0, 1, '500fz像^ microSD 工程塑料 {牙 荡a相C 戎眠[ 滑w 高n 2008年09月 320×240 像素 黑色', '', '<p>Z基N96采用了<strong><font size="3" color="#ff0000">p向滑w</font></strong>O，C身整w呈灰黑色，沈、大猓C身材|采用了高度的塑料材|，手C背面采用了光面板的OL格。N96三Swe103*55*20mm，重量125g。屏幕方面，Z基N96配湟K<strong><font size="3" color="#ff0000">2.8英寸</font></strong>的屏幕，支持<strong><font size="3" color="#ff0000">1670f色</font></strong>@示，分辨率_到QVGA（320&times;240）水省</p>\r\n<p><img alt="" src="file:///C:/DOCUME~1/user/LOCALS~1/Temp/moz-screenshot.jpg" /></p>\r\n<p>&nbsp;</p>\r\n<p>&nbsp;<img src="http://img2.zol.com.cn/product/21/896/ceN6LBMCid3X6.jpg" alt="" /></p>\r\n<p>Z基N96O置有ｉT的<strong><font size="3" color="#ff0000">音凡シ沛I</font></strong>和实3.5毫米音l插口，支持多格式音凡シ拧戎昧<strong><font size="3" color="#ff0000">多媒w播放器</font></strong>，支持FM{l收音C等饭δ堋N96手C支持<strong><font size="3" color="#ff0000">N-Gage[蚱脚_</font></strong>，戎冒括<font size="3" color="#ff0000"><strong>《PinBall》完整版</strong></font>在鹊乃目N-Gage[颍除了手C本身戎玫倪[颍可以N-Gage的W站下d或者I最新的[颍而且可以在Y和其他玩家一起。</p>\r\n<p><img src="http://img2.zol.com.cn/product/21/898/cekkw57qJjSI.jpg" alt="" /></p>\r\n<p>&nbsp;</p>', 'images/200905/thumb_img/23_thumb_G_1241971556399.jpg', 'images/200905/goods_img/23_G_1241971556855.jpg', 'images/200905/source_img/23_G_1241971556256.jpg', 1, '', 1, 1, 0, 37, 1241971488, 100, 0, 1, 1, 0, 0, 0, 1269589078, 9, '', -1, -1, NULL, NULL);
INSERT INTO `ecs_goods` VALUES (24, 3, 'ECS000024', 'P806', '+', 35, 9, '', 100, 0.000, 2400.00, 2000.00, 1850.00, 1243785600, 1277827200, 1, '旅行充器 D形菜 Wap 上W t外接口 移 MSN 支持 2008年06月 灰色', '', '<div>\r\n<div>\r\n<div><font size="4">格</font></div>\r\n<p><font size="4"><span>上市rg：</span><span>2008年06月</span></font></p>\r\n<p><font size="4"><span>Wjl率：</span><span>GSM/GPRS；900/1800MHz</span></font></p>\r\n<p><font size="4"><span>重　量　：</span><span>未知</span></font></p>\r\n<p><font size="4"><span>尺寸/we：</span><span>未知</span></font></p>\r\n<p><font size="4"><span>可x色：</span><span>y色</span></font></p>\r\n<p><font size="4"><span>屏幕担</span><span>26f色TFT彩色屏幕；</span></font></p>\r\n<p><font size="4"><span>WAP上W：</span><span>支持w{</span></font></p>\r\n<p><font size="4"><span>基本配置:<em><strong><font size="5" color="#ff00ff">二(1760毫安) 一充  耳C 手P 512M却婵</font></strong></em></span></font></p>\r\n<p>&nbsp;</p>\r\n</div>\r\n</div>\r\n<div><font size="4">基本功能</font></div>\r\n<p><font size="4"><span>『r』</span><span>『戎谜印</span><span>『音』</span><span>『可x』</span></font></p>\r\n<p><font size="4"><span>『和弦』</span><span>『MP3』</span><span>『黼Re』</span><span>『黼D片Re』</span></font></p>\r\n<p><font size="4"><span>『情景模式』</span><span>『待CD片』</span><span>『D形菜巍</span><span>『|摸屏』</span></font></p>\r\n<p><span><font size="4">『手入』</font></span></p>\r\n<div><font size="4">通信功能</font></div>\r\n<p><font size="4"><span>『p卡p待』</span><span>『戎锰炀』</span><span>『入法』</span><span>『中文短信』</span></font></p>\r\n<p><font size="4"><span>『短信群l』</span><span>『多媒w短信』</span><span>『C通』</span><span>『通』</span></font></p>\r\n<p><font size="4"><span>『免提通』</span><span>『w行模式』</span></font></p>\r\n<div><font size="4">多媒w :支持3GP、MP4文件播放</font></div>\r\n<p><font size="4"><span>『l播放』</span><span>『MP3播放器』</span></font></p>\r\n<p><font size="4"><span>多媒w卡U展：</span><span>支持microSD卡U展&nbsp;</span></font></p>\r\n<p><font size="4"><span>z像^：</span><span>戎</span></font></p>\r\n<p><font size="4"><span>z像^像素：</span><span>30f像素</span></font></p>\r\n<p><font size="4"><span>鞲衅黝型：</span><span>CMOS</span></font></p>\r\n<p><font size="4"><span>焦模式：</span><span>荡a焦</span></font></p>\r\n<p><font size="4"><span>照片分辨率：</span><span>多N照片分辨率x</span></font></p>\r\n<p><font size="4"><span>拍z模式：</span><span>多N拍z模式x</span></font></p>\r\n<p><font size="4"><span>照片|量：</span><span>多N照片|量x</span></font></p>\r\n<p><font size="4"><span>l拍z：</span><span>有l拍z</span></font></p>\r\n<div><font size="4">鬏</font></div>\r\n<p><font size="4"><span>『WAPg[器』</span><span>『接口』</span></font></p>\r\n<div><font size="4">人助理</font></div>\r\n<p><font size="4"><span>『[』</span><span>『日v』</span><span>『算器』</span></font></p>', 'images/200905/thumb_img/24_thumb_G_1241971981429.jpg', 'images/200905/goods_img/24_G_1241971981284.jpg', 'images/200905/source_img/24_G_1241971981107.jpg', 1, '', 1, 1, 0, 20, 1241971981, 100, 0, 1, 1, 1, 1, 0, 1269589064, 9, '', -1, -1, NULL, NULL);
INSERT INTO `ecs_goods` VALUES (25, 13, 'ECS000025', '小`通/固50元充值卡', '+', 0, 0, '', 2, 0.000, 57.59, 48.00, 0.00, 0, 0, 1, '', '', '', 'images/200905/thumb_img/25_thumb_G_1241972709885.jpg', 'images/200905/goods_img/25_G_1241972709544.jpg', 'images/200905/source_img/25_G_1241972709750.jpg', 0, 'virtual_card', 1, 1, 0, 0, 1241972709, 100, 0, 1, 0, 1, 0, 0, 1245047546, 0, '', -1, -1, NULL, NULL);
INSERT INTO `ecs_goods` VALUES (26, 13, 'ECS000026', '小`通/固20元充值卡', '+', 0, 0, '', 2, 0.000, 22.80, 19.00, 0.00, 0, 0, 1, '', '', '', 'images/200905/thumb_img/26_thumb_G_1241972789393.jpg', 'images/200905/goods_img/26_G_1241972789293.jpg', 'images/200905/source_img/26_G_1241972789353.jpg', 0, 'virtual_card', 1, 1, 0, 0, 1241972789, 100, 0, 0, 0, 1, 0, 0, 1245047540, 0, '', -1, -1, NULL, NULL);
INSERT INTO `ecs_goods` VALUES (27, 15, 'ECS000027', '通100元充值卡', '+', 0, 0, '', 2, 0.000, 100.00, 95.00, 0.00, 0, 0, 1, '', '', '', 'images/200905/thumb_img/27_thumb_G_1241972894068.jpg', 'images/200905/goods_img/27_G_1241972894061.jpg', 'images/200905/source_img/27_G_1241972894069.jpg', 0, 'virtual_card', 1, 1, 0, 0, 1241972894, 100, 0, 1, 1, 1, 0, 0, 1245047557, 0, '', -1, -1, NULL, NULL);
INSERT INTO `ecs_goods` VALUES (28, 15, 'ECS000028', '通50元充值卡', '+', 0, 0, '', 0, 0.000, 50.00, 45.00, 0.00, 0, 0, 1, '', '', '', 'images/200905/thumb_img/28_thumb_G_1241972976986.jpg', 'images/200905/goods_img/28_G_1241972976313.jpg', 'images/200905/source_img/28_G_1241972976695.jpg', 0, 'virtual_card', 1, 1, 0, 0, 1241972976, 100, 0, 0, 0, 1, 0, 0, 1245047542, 0, '', -1, -1, NULL, NULL);
INSERT INTO `ecs_goods` VALUES (29, 14, 'ECS000029', '移100元充值卡', '+', 0, 0, '', 0, 0.000, 0.00, 90.00, 0.00, 0, 0, 1, '', '', '', 'images/200905/thumb_img/29_thumb_G_1241973022239.jpg', 'images/200905/goods_img/29_G_1241973022206.jpg', 'images/200905/source_img/29_G_1241973022514.jpg', 0, 'virtual_card', 1, 1, 0, 0, 1241973022, 100, 0, 1, 0, 1, 0, 0, 1245047543, 0, '', -1, -1, NULL, NULL);
INSERT INTO `ecs_goods` VALUES (30, 14, 'ECS000030', '移20元充值卡', '+', 1, 0, '', 9, 0.000, 21.00, 18.00, 0.00, 0, 0, 1, '', '', '', 'images/200905/thumb_img/30_thumb_G_1241973114800.jpg', 'images/200905/goods_img/30_G_1241973114234.jpg', 'images/200905/source_img/30_G_1241973114587.jpg', 0, 'virtual_card', 1, 1, 0, 0, 1241973114, 100, 0, 1, 0, 1, 0, 0, 1245047549, 0, '', -1, -1, NULL, NULL);
INSERT INTO `ecs_goods` VALUES (31, 3, 'ECS000031', '摩托_拉E8 ', '+', 5, 2, '', 1, 0.000, 1604.39, 1337.00, 0.00, 0, 0, 1, '直板', '', '', 'images/200905/thumb_img/31_thumb_G_1242110412996.jpg', 'images/200905/goods_img/31_G_1242110412332.jpg', 'images/200905/source_img/31_G_1242110412519.jpg', 1, '', 0, 1, 0, 13, 1242110412, 100, 0, 0, 0, 0, 0, 0, 1242140652, 7, '', -1, -1, NULL, NULL);
INSERT INTO `ecs_goods` VALUES (32, 3, 'ECS000032', 'Z基N85', '+', 9, 1, '', 4, 0.000, 3612.00, 3010.00, 2750.00, 1243785600, 1417276800, 1, '2008年10月 GSM,850,900,1800,1900 黑色', '', '<p>Z基N85</p>\r\n<div>&nbsp;</div>\r\n<div>\r\n<table width="100%" cellspacing="1" cellpadding="0" border="0" bgcolor="#c5d7ed">\r\n    <tbody>\r\n        <tr>\r\n            <td bgcolor="#f1f7fc" colspan="2">\r\n            <p><b>基本</b></p>\r\n            </td>\r\n        </tr>\r\n        <tr>\r\n            <td width="100" valign="center" bgcolor="#ffffff" align="left">手C昵Q</td>\r\n            <td width="450" bgcolor="#ffffff">N85</td>\r\n        </tr>\r\n        <tr>\r\n            <td width="100" valign="center" bgcolor="#ffffff" align="left">上市日期</td>\r\n            <td width="450" bgcolor="#ffffff">2008年10月</td>\r\n        </tr>\r\n        <tr>\r\n            <td width="100" valign="center" bgcolor="#ffffff" align="left">手C型</td>\r\n            <td width="450" bgcolor="#ffffff">3G手C；拍照手C；智能手C</td>\r\n        </tr>\r\n        <tr>\r\n            <td width="100" valign="center" bgcolor="#ffffff" align="left">手C制式</td>\r\n            <td width="450" bgcolor="#ffffff">GSM</td>\r\n        </tr>\r\n        <tr>\r\n            <td width="100" valign="center" bgcolor="#ffffff" align="left">支持l段</td>\r\n            <td width="450" bgcolor="#ffffff">GSM850/900/1800/1900MHz</td>\r\n        </tr>\r\n        <tr>\r\n            <td width="100" valign="center" bgcolor="#ffffff" align="left">鬏</td>\r\n            <td width="450" bgcolor="#ffffff">GPRS、EDGE</td>\r\n        </tr>\r\n        <tr>\r\n            <td width="100" valign="center" bgcolor="#ffffff" align="left">屏幕材|</td>\r\n            <td width="450" bgcolor="#ffffff">AMOLED</td>\r\n        </tr>\r\n        <tr>\r\n            <td width="100" valign="center" bgcolor="#ffffff" align="left">屏幕色彩</td>\r\n            <td width="450" bgcolor="#ffffff">1600f色</td>\r\n        </tr>\r\n        <tr>\r\n            <td width="100" valign="center" bgcolor="#ffffff" align="left">主屏尺寸</td>\r\n            <td width="450" bgcolor="#ffffff">2.6英寸</td>\r\n        </tr>\r\n        <tr>\r\n            <td width="100" valign="center" bgcolor="#ffffff" align="left">主屏</td>\r\n            <td width="450" bgcolor="#ffffff">QVGA 320&times;240像素</td>\r\n        </tr>\r\n        <tr>\r\n            <td width="100" valign="center" bgcolor="#ffffff" align="left">音描述</td>\r\n            <td width="450" bgcolor="#ffffff">可xMP3、WAV、AAC或和弦Midi等格式</td>\r\n        </tr>\r\n        <tr>\r\n            <td width="100" valign="center" bgcolor="#ffffff" align="left">操作系y</td>\r\n            <td width="450" bgcolor="#ffffff">Symbian OS v9.3操作系ycS60 v3.2平_的M合</td>\r\n        </tr>\r\n        <tr>\r\n            <td width="100" valign="center" bgcolor="#ffffff" align="left">C身却</td>\r\n            <td width="450" bgcolor="#ffffff">74MB 炔B存空g<br />\r\n            78MB 戎NANDW存</td>\r\n        </tr>\r\n        <tr>\r\n            <td width="100" valign="center" bgcolor="#ffffff" align="left">存卡</td>\r\n            <td width="450" bgcolor="#ffffff">支持MicroSD(T-Flash)卡U展最大至8GB</td>\r\n        </tr>\r\n        <tr>\r\n            <td width="100" valign="center" bgcolor="#ffffff" align="left">池格</td>\r\n            <td width="450" bgcolor="#ffffff">1200毫安r池</td>\r\n        </tr>\r\n        <tr>\r\n            <td width="100" valign="center" bgcolor="#ffffff" align="left">伺</td>\r\n            <td width="450" bgcolor="#ffffff">Z基 N85<br />\r\n            Z基池（BL-5K）<br />\r\n            Z基旅行充器（AC-10）<br />\r\n            Z基l（CA-75U）<br />\r\n            Z基（CA-101）<br />\r\n            Z基音范C（HS-45、AD-54）<br />\r\n            Z基 8 GB microSD 卡（MU-43）<br />\r\n            《用羰浴<br />\r\n            《快速入T》</td>\r\n        </tr>\r\n        <tr>\r\n            <td width="100" valign="center" bgcolor="#ffffff" align="left">理通rg</td>\r\n            <td width="450" bgcolor="#ffffff">6.9 小r</td>\r\n        </tr>\r\n        <tr>\r\n            <td width="100" valign="center" bgcolor="#ffffff" align="left">理待Crg</td>\r\n            <td width="450" bgcolor="#ffffff">363 小r</td>\r\n        </tr>\r\n        <tr>\r\n            <td bgcolor="#f1f7fc" colspan="2">\r\n            <p><b>a品外形</b></p>\r\n            </td>\r\n        </tr>\r\n        <tr>\r\n            <td width="100" valign="center" bgcolor="#ffffff" align="left">外^O</td>\r\n            <td width="450" bgcolor="#ffffff">p向滑w</td>\r\n        </tr>\r\n        <tr>\r\n            <td width="100" valign="center" bgcolor="#ffffff" align="left">a品尺寸</td>\r\n            <td width="450" bgcolor="#ffffff">103&times;50&times;16mm<br />\r\n            we：76 立方厘米</td>\r\n        </tr>\r\n        <tr>\r\n            <td width="100" valign="center" bgcolor="#ffffff" align="left">手C重量</td>\r\n            <td width="450" bgcolor="#ffffff">128克</td>\r\n        </tr>\r\n        <tr>\r\n            <td width="100" valign="center" bgcolor="#ffffff" align="left">a品天</td>\r\n            <td width="450" bgcolor="#ffffff">戎</td>\r\n        </tr>\r\n        <tr>\r\n            <td bgcolor="#f1f7fc" colspan="2">\r\n            <p><b>拍照功能</b></p>\r\n            </td>\r\n        </tr>\r\n        <tr>\r\n            <td width="550" valign="center" bgcolor="#ffffff" align="left" style="padding: 8px 0px;" colspan="2">\r\n            <table cellspacing="1" cellpadding="0" border="0" align="left">\r\n                <tbody>\r\n                    <tr>\r\n                        <td width="100" style="padding: 5px 0px 5px 10px;">\r\n                        <table width="100%" cellspacing="1" cellpadding="0" border="0" bgcolor="#c5d7ed">\r\n                            <tbody>\r\n                                <tr>\r\n                                    <td width="100%" bgcolor="#f1f7fc" align="middle" style="padding: 2px; font-weight: bold;">定r器</td>\r\n                                </tr>\r\n                            </tbody>\r\n                        </table>\r\n                        </td>\r\n                        <td width="100" style="padding: 5px 0px 5px 10px;">&nbsp;</td>\r\n                    </tr>\r\n                </tbody>\r\n            </table>\r\n            </td>\r\n        </tr>\r\n        <tr>\r\n            <td width="100" valign="center" bgcolor="#ffffff" align="left">z像^</td>\r\n            <td width="450" bgcolor="#ffffff">戎</td>\r\n        </tr>\r\n        <tr>\r\n            <td width="100" valign="center" bgcolor="#ffffff" align="left">z像^像素</td>\r\n            <td width="450" bgcolor="#ffffff">500f像素</td>\r\n        </tr>\r\n        <tr>\r\n            <td width="100" valign="center" bgcolor="#ffffff" align="left">B拍功能</td>\r\n            <td width="450" bgcolor="#ffffff">支持</td>\r\n        </tr>\r\n        <tr>\r\n            <td width="100" valign="center" bgcolor="#ffffff" align="left">LEDW光</td>\r\n            <td width="450" bgcolor="#ffffff">pLED W光</td>\r\n        </tr>\r\n        <tr>\r\n            <td width="100" valign="center" bgcolor="#ffffff" align="left">荡a焦</td>\r\n            <td width="450" bgcolor="#ffffff">20 倍荡a焦</td>\r\n        </tr>\r\n        <tr>\r\n            <td width="100" valign="center" bgcolor="#ffffff" align="left">拍z模式</td>\r\n            <td width="450" bgcolor="#ffffff">o止、B拍、自佣r器、z像</td>\r\n        </tr>\r\n        <tr>\r\n            <td width="100" valign="center" bgcolor="#ffffff" align="left">照片特效</td>\r\n            <td width="450" bgcolor="#ffffff">正常、雅f、黑白、片、逼真</td>\r\n        </tr>\r\n        <tr>\r\n            <td width="100" valign="center" bgcolor="#ffffff" align="left">拍照描述</td>\r\n            <td width="450" bgcolor="#ffffff">支持最大2592&times;1944分辨率照片拍z<br />\r\n            支持JPEG、Exif格式<br />\r\n            白平衡模式：自印㈥光、天、白簟晒<br />\r\n            感光度模式：高、中、低、自</td>\r\n        </tr>\r\n        <tr>\r\n            <td width="100" valign="center" bgcolor="#ffffff" align="left">l拍z</td>\r\n            <td width="450" bgcolor="#ffffff">最高支持640 x 480 像素（VGA）、30 /秒</td>\r\n        </tr>\r\n        <tr>\r\n            <td bgcolor="#f1f7fc" colspan="2">\r\n            <p><b>饭δ</b></p>\r\n            </td>\r\n        </tr>\r\n        <tr>\r\n            <td width="550" valign="center" bgcolor="#ffffff" align="left" style="padding: 8px 0px;" colspan="2">\r\n            <table cellspacing="1" cellpadding="0" border="0" align="left">\r\n                <tbody>\r\n                    <tr>\r\n                        <td width="100" style="padding: 5px 0px 5px 10px;">\r\n                        <table width="100%" cellspacing="1" cellpadding="0" border="0" bgcolor="#c5d7ed">\r\n                            <tbody>\r\n                                <tr>\r\n                                    <td width="100%" bgcolor="#f1f7fc" align="middle" style="padding: 2px; font-weight: bold;">收音C</td>\r\n                                </tr>\r\n                            </tbody>\r\n                        </table>\r\n                        </td>\r\n                        <td width="100" style="padding: 5px 0px 5px 10px;">\r\n                        <table width="100%" cellspacing="1" cellpadding="0" border="0" bgcolor="#c5d7ed">\r\n                            <tbody>\r\n                                <tr>\r\n                                    <td width="100%" bgcolor="#f1f7fc" align="middle" style="padding: 2px; font-weight: bold;">TV-OUT</td>\r\n                                </tr>\r\n                            </tbody>\r\n                        </table>\r\n                        </td>\r\n                        <td width="100" style="padding: 5px 0px 5px 10px;">\r\n                        <table width="100%" cellspacing="1" cellpadding="0" border="0" bgcolor="#c5d7ed">\r\n                            <tbody>\r\n                                <tr>\r\n                                    <td width="100%" bgcolor="#f1f7fc" align="middle" style="padding: 2px; font-weight: bold;">音功能</td>\r\n                                </tr>\r\n                            </tbody>\r\n                        </table>\r\n                        </td>\r\n                        <td width="100" style="padding: 5px 0px 5px 10px;">\r\n                        <table width="100%" cellspacing="1" cellpadding="0" border="0" bgcolor="#c5d7ed">\r\n                            <tbody>\r\n                                <tr>\r\n                                    <td width="100%" bgcolor="#f1f7fc" align="middle" style="padding: 2px; font-weight: bold;">子</td>\r\n                                </tr>\r\n                            </tbody>\r\n                        </table>\r\n                        </td>\r\n                        <td width="100" style="padding: 5px 0px 5px 10px;">&nbsp;</td>\r\n                    </tr>\r\n                </tbody>\r\n            </table>\r\n            </td>\r\n        </tr>\r\n        <tr>\r\n            <td width="100" valign="center" bgcolor="#ffffff" align="left">l播放</td>\r\n            <td width="450" bgcolor="#ffffff">戎RealPlayer播放器, 支持MPEG4、H.264/AVC、H.263/3GP、RealVideo等l格式全屏播放</td>\r\n        </tr>\r\n        <tr>\r\n            <td width="100" valign="center" bgcolor="#ffffff" align="left">音凡シ</td>\r\n            <td width="450" bgcolor="#ffffff">戎貌シ牌, 支持mp3、.wma、.aac、eAAC、eAAC+格式</td>\r\n        </tr>\r\n        <tr>\r\n            <td width="100" valign="center" bgcolor="#ffffff" align="left">[</td>\r\n            <td width="450" bgcolor="#ffffff">戎</td>\r\n        </tr>\r\n        <tr>\r\n            <td width="100" valign="center" bgcolor="#ffffff" align="left">Java功能</td>\r\n            <td width="450" bgcolor="#ffffff">支持Java MIDP 2.0 CLDC 1.1</td>\r\n        </tr>\r\n        <tr>\r\n            <td width="100" valign="center" bgcolor="#ffffff" align="left">Flash功能</td>\r\n            <td width="450" bgcolor="#ffffff">第3.0版Flash lite播放器</td>\r\n        </tr>\r\n        <tr>\r\n            <td bgcolor="#f1f7fc" colspan="2">\r\n            <p><b>功能</b></p>\r\n            </td>\r\n        </tr>\r\n        <tr>\r\n            <td width="550" valign="center" bgcolor="#ffffff" align="left" style="padding: 8px 0px;" colspan="2">\r\n            <table cellspacing="1" cellpadding="0" border="0" align="left">\r\n                <tbody>\r\n                    <tr>\r\n                        <td width="100" style="padding: 5px 0px 5px 10px;">\r\n                        <table width="100%" cellspacing="1" cellpadding="0" border="0" bgcolor="#c5d7ed">\r\n                            <tbody>\r\n                                <tr>\r\n                                    <td width="100%" bgcolor="#f1f7fc" align="middle" style="padding: 2px; font-weight: bold;">{牙功能</td>\r\n                                </tr>\r\n                            </tbody>\r\n                        </table>\r\n                        </td>\r\n                        <td width="100" style="padding: 5px 0px 5px 10px;">&nbsp;</td>\r\n                    </tr>\r\n                </tbody>\r\n            </table>\r\n            </td>\r\n        </tr>\r\n        <tr>\r\n            <td width="100" valign="center" bgcolor="#ffffff" align="left">接口</td>\r\n            <td width="450" bgcolor="#ffffff">USB 3.5mm立w耳C插孔</td>\r\n        </tr>\r\n        <tr>\r\n            <td bgcolor="#f1f7fc" colspan="2">\r\n            <p><b>基本功能</b></p>\r\n            </td>\r\n        </tr>\r\n        <tr>\r\n            <td width="550" valign="center" bgcolor="#ffffff" align="left" style="padding: 8px 0px;" colspan="2">\r\n            <table cellspacing="1" cellpadding="0" border="0" align="left">\r\n                <tbody>\r\n                    <tr>\r\n                        <td width="100" style="padding: 5px 0px 5px 10px;">\r\n                        <table width="100%" cellspacing="1" cellpadding="0" border="0" bgcolor="#c5d7ed">\r\n                            <tbody>\r\n                                <tr>\r\n                                    <td width="100%" bgcolor="#f1f7fc" align="middle" style="padding: 2px; font-weight: bold;">短信(SMS)</td>\r\n                                </tr>\r\n                            </tbody>\r\n                        </table>\r\n                        </td>\r\n                        <td width="100" style="padding: 5px 0px 5px 10px;">\r\n                        <table width="100%" cellspacing="1" cellpadding="0" border="0" bgcolor="#c5d7ed">\r\n                            <tbody>\r\n                                <tr>\r\n                                    <td width="100%" bgcolor="#f1f7fc" align="middle" style="padding: 2px; font-weight: bold;">彩信(MMS)</td>\r\n                                </tr>\r\n                            </tbody>\r\n                        </table>\r\n                        </td>\r\n                        <td width="100" style="padding: 5px 0px 5px 10px;">\r\n                        <table width="100%" cellspacing="1" cellpadding="0" border="0" bgcolor="#c5d7ed">\r\n                            <tbody>\r\n                                <tr>\r\n                                    <td width="100%" bgcolor="#f1f7fc" align="middle" style="padding: 2px; font-weight: bold;">免提通</td>\r\n                                </tr>\r\n                            </tbody>\r\n                        </table>\r\n                        </td>\r\n                        <td width="100" style="padding: 5px 0px 5px 10px;">\r\n                        <table width="100%" cellspacing="1" cellpadding="0" border="0" bgcolor="#c5d7ed">\r\n                            <tbody>\r\n                                <tr>\r\n                                    <td width="100%" bgcolor="#f1f7fc" align="middle" style="padding: 2px; font-weight: bold;">情景模式</td>\r\n                                </tr>\r\n                            </tbody>\r\n                        </table>\r\n                        </td>\r\n                        <td width="100" style="padding: 5px 0px 5px 10px;">\r\n                        <table width="100%" cellspacing="1" cellpadding="0" border="0" bgcolor="#c5d7ed">\r\n                            <tbody>\r\n                                <tr>\r\n                                    <td width="100%" bgcolor="#f1f7fc" align="middle" style="padding: 2px; font-weight: bold;">[功能</td>\r\n                                </tr>\r\n                            </tbody>\r\n                        </table>\r\n                        </td>\r\n                    </tr>\r\n                    <tr>\r\n                        <td width="100" style="padding: 5px 0px 5px 10px;">\r\n                        <table width="100%" cellspacing="1" cellpadding="0" border="0" bgcolor="#c5d7ed">\r\n                            <tbody>\r\n                                <tr>\r\n                                    <td width="100%" bgcolor="#f1f7fc" align="middle" style="padding: 2px; font-weight: bold;">日v功能</td>\r\n                                </tr>\r\n                            </tbody>\r\n                        </table>\r\n                        </td>\r\n                        <td width="100" style="padding: 5px 0px 5px 10px;">&nbsp;</td>\r\n                    </tr>\r\n                </tbody>\r\n            </table>\r\n            </td>\r\n        </tr>\r\n        <tr>\r\n            <td width="100" valign="center" bgcolor="#ffffff" align="left">入方式</td>\r\n            <td width="450" bgcolor="#ffffff">IP</td>\r\n        </tr>\r\n        <tr>\r\n            <td width="100" valign="center" bgcolor="#ffffff" align="left">通</td>\r\n            <td width="450" bgcolor="#ffffff">未接黼+已接黼+已茈</td>\r\n        </tr>\r\n        <tr>\r\n            <td width="100" valign="center" bgcolor="#ffffff" align="left">通</td>\r\n            <td width="450" bgcolor="#ffffff">S60驶名片式通</td>\r\n        </tr>\r\n        <tr>\r\n            <td bgcolor="#f1f7fc" colspan="2">\r\n            <p><b>Wj功能</b></p>\r\n            </td>\r\n        </tr>\r\n        <tr>\r\n            <td width="550" valign="center" bgcolor="#ffffff" align="left" style="padding: 8px 0px;" colspan="2">\r\n            <table cellspacing="1" cellpadding="0" border="0" align="left">\r\n                <tbody>\r\n                    <tr>\r\n                        <td width="100" style="padding: 5px 0px 5px 10px;">\r\n                        <table width="100%" cellspacing="1" cellpadding="0" border="0" bgcolor="#c5d7ed">\r\n                            <tbody>\r\n                                <tr>\r\n                                    <td width="100%" bgcolor="#f1f7fc" align="middle" style="padding: 2px; font-weight: bold;">子]件</td>\r\n                                </tr>\r\n                            </tbody>\r\n                        </table>\r\n                        </td>\r\n                        <td width="100" style="padding: 5px 0px 5px 10px;">\r\n                        <table width="100%" cellspacing="1" cellpadding="0" border="0" bgcolor="#c5d7ed">\r\n                            <tbody>\r\n                                <tr>\r\n                                    <td width="100%" bgcolor="#f1f7fc" align="middle" style="padding: 2px; font-weight: bold;">WWWg[器</td>\r\n                                </tr>\r\n                            </tbody>\r\n                        </table>\r\n                        </td>\r\n                        <td width="100" style="padding: 5px 0px 5px 10px;">\r\n                        <table width="100%" cellspacing="1" cellpadding="0" border="0" bgcolor="#c5d7ed">\r\n                            <tbody>\r\n                                <tr>\r\n                                    <td width="100%" bgcolor="#f1f7fc" align="middle" style="padding: 2px; font-weight: bold;">WAPg[器</td>\r\n                                </tr>\r\n                            </tbody>\r\n                        </table>\r\n                        </td>\r\n                        <td width="100" style="padding: 5px 0px 5px 10px;">&nbsp;</td>\r\n                    </tr>\r\n                </tbody>\r\n            </table>\r\n            </td>\r\n        </tr>\r\n        <tr>\r\n            <td bgcolor="#f1f7fc" colspan="2">\r\n            <p><b>商展δ</b></p>\r\n            </td>\r\n        </tr>\r\n        <tr>\r\n            <td width="550" valign="center" bgcolor="#ffffff" align="left" style="padding: 8px 0px;" colspan="2">\r\n            <table cellspacing="1" cellpadding="0" border="0" align="left">\r\n                <tbody>\r\n                    <tr>\r\n                        <td width="100" style="padding: 5px 0px 5px 10px;">\r\n                        <table width="100%" cellspacing="1" cellpadding="0" border="0" bgcolor="#c5d7ed">\r\n                            <tbody>\r\n                                <tr>\r\n                                    <td width="100%" bgcolor="#f1f7fc" align="middle" style="padding: 2px; font-weight: bold;">w行模式</td>\r\n                                </tr>\r\n                            </tbody>\r\n                        </table>\r\n                        </td>\r\n                        <td width="100" style="padding: 5px 0px 5px 10px;">\r\n                        <table width="100%" cellspacing="1" cellpadding="0" border="0" bgcolor="#c5d7ed">\r\n                            <tbody>\r\n                                <tr>\r\n                                    <td width="100%" bgcolor="#f1f7fc" align="middle" style="padding: 2px; font-weight: bold;">Z音芴</td>\r\n                                </tr>\r\n                            </tbody>\r\n                        </table>\r\n                        </td>\r\n                        <td width="100" style="padding: 5px 0px 5px 10px;">\r\n                        <table width="100%" cellspacing="1" cellpadding="0" border="0" bgcolor="#c5d7ed">\r\n                            <tbody>\r\n                                <tr>\r\n                                    <td width="100%" bgcolor="#f1f7fc" align="middle" style="padding: 2px; font-weight: bold;">渫</td>\r\n                                </tr>\r\n                            </tbody>\r\n                        </table>\r\n                        </td>\r\n                        <td width="100" style="padding: 5px 0px 5px 10px;">\r\n                        <table width="100%" cellspacing="1" cellpadding="0" border="0" bgcolor="#c5d7ed">\r\n                            <tbody>\r\n                                <tr>\r\n                                    <td width="100%" bgcolor="#f1f7fc" align="middle" style="padding: 2px; font-weight: bold;">日程表</td>\r\n                                </tr>\r\n                            </tbody>\r\n                        </table>\r\n                        </td>\r\n                        <td width="100" style="padding: 5px 0px 5px 10px;">\r\n                        <table width="100%" cellspacing="1" cellpadding="0" border="0" bgcolor="#c5d7ed">\r\n                            <tbody>\r\n                                <tr>\r\n                                    <td width="100%" bgcolor="#f1f7fc" align="middle" style="padding: 2px; font-weight: bold;">世界rg</td>\r\n                                </tr>\r\n                            </tbody>\r\n                        </table>\r\n                        </td>\r\n                    </tr>\r\n                    <tr>\r\n                        <td width="100" style="padding: 5px 0px 5px 10px;">&nbsp;</td>\r\n                    </tr>\r\n                </tbody>\r\n            </table>\r\n            </td>\r\n        </tr>\r\n        <tr>\r\n            <td bgcolor="#f1f7fc" colspan="2">\r\n            <p><b>其他功能</b></p>\r\n            </td>\r\n        </tr>\r\n        <tr>\r\n            <td width="550" valign="center" bgcolor="#ffffff" align="left" style="padding: 8px 0px;" colspan="2">\r\n            <table cellspacing="1" cellpadding="0" border="0" align="left">\r\n                <tbody>\r\n                    <tr>\r\n                        <td width="100" style="padding: 5px 0px 5px 10px;">\r\n                        <table width="100%" cellspacing="1" cellpadding="0" border="0" bgcolor="#c5d7ed">\r\n                            <tbody>\r\n                                <tr>\r\n                                    <td width="100%" bgcolor="#f1f7fc" align="middle" style="padding: 2px; font-weight: bold;">GPS功能</td>\r\n                                </tr>\r\n                            </tbody>\r\n                        </table>\r\n                        </td>\r\n                        <td width="100" style="padding: 5px 0px 5px 10px;">\r\n                        <table width="100%" cellspacing="1" cellpadding="0" border="0" bgcolor="#c5d7ed">\r\n                            <tbody>\r\n                                <tr>\r\n                                    <td width="100%" bgcolor="#f1f7fc" align="middle" style="padding: 2px; font-weight: bold;">子~典</td>\r\n                                </tr>\r\n                            </tbody>\r\n                        </table>\r\n                        </td>\r\n                        <td width="100" style="padding: 5px 0px 5px 10px;">\r\n                        <table width="100%" cellspacing="1" cellpadding="0" border="0" bgcolor="#c5d7ed">\r\n                            <tbody>\r\n                                <tr>\r\n                                    <td width="100%" bgcolor="#f1f7fc" align="middle" style="padding: 2px; font-weight: bold;">待CD片</td>\r\n                                </tr>\r\n                            </tbody>\r\n                        </table>\r\n                        </td>\r\n                        <td width="100" style="padding: 5px 0px 5px 10px;">\r\n                        <table width="100%" cellspacing="1" cellpadding="0" border="0" bgcolor="#c5d7ed">\r\n                            <tbody>\r\n                                <tr>\r\n                                    <td width="100%" bgcolor="#f1f7fc" align="middle" style="padding: 2px; font-weight: bold;">算器</td>\r\n                                </tr>\r\n                            </tbody>\r\n                        </table>\r\n                        </td>\r\n                        <td width="100" style="padding: 5px 0px 5px 10px;">\r\n                        <table width="100%" cellspacing="1" cellpadding="0" border="0" bgcolor="#c5d7ed">\r\n                            <tbody>\r\n                                <tr>\r\n                                    <td width="100%" bgcolor="#f1f7fc" align="middle" style="padding: 2px; font-weight: bold;">黼Re</td>\r\n                                </tr>\r\n                            </tbody>\r\n                        </table>\r\n                        </td>\r\n                    </tr>\r\n                    <tr>\r\n                        <td width="100" style="padding: 5px 0px 5px 10px;">\r\n                        <table width="100%" cellspacing="1" cellpadding="0" border="0" bgcolor="#c5d7ed">\r\n                            <tbody>\r\n                                <tr>\r\n                                    <td width="100%" bgcolor="#f1f7fc" align="middle" style="padding: 2px; font-weight: bold;">黼D片Re</td>\r\n                                </tr>\r\n                            </tbody>\r\n                        </table>\r\n                        </td>\r\n                        <td width="100" style="padding: 5px 0px 5px 10px;">\r\n                        <table width="100%" cellspacing="1" cellpadding="0" border="0" bgcolor="#c5d7ed">\r\n                            <tbody>\r\n                                <tr>\r\n                                    <td width="100%" bgcolor="#f1f7fc" align="middle" style="padding: 2px; font-weight: bold;">黼防火</td>\r\n                                </tr>\r\n                            </tbody>\r\n                        </table>\r\n                        </td>\r\n                        <td width="100" style="padding: 5px 0px 5px 10px;">\r\n                        <table width="100%" cellspacing="1" cellpadding="0" border="0" bgcolor="#c5d7ed">\r\n                            <tbody>\r\n                                <tr>\r\n                                    <td width="100%" bgcolor="#f1f7fc" align="middle" style="padding: 2px; font-weight: bold;">赢屏保</td>\r\n                                </tr>\r\n                            </tbody>\r\n                        </table>\r\n                        </td>\r\n                        <td width="100" style="padding: 5px 0px 5px 10px;">\r\n                        <table width="100%" cellspacing="1" cellpadding="0" border="0" bgcolor="#c5d7ed">\r\n                            <tbody>\r\n                                <tr>\r\n                                    <td width="100%" bgcolor="#f1f7fc" align="middle" style="padding: 2px; font-weight: bold;">D形菜</td>\r\n                                </tr>\r\n                            </tbody>\r\n                        </table>\r\n                        </td>\r\n                        <td width="100" style="padding: 5px 0px 5px 10px;">\r\n                        <table width="100%" cellspacing="1" cellpadding="0" border="0" bgcolor="#c5d7ed">\r\n                            <tbody>\r\n                                <tr>\r\n                                    <td width="100%" bgcolor="#f1f7fc" align="middle" style="padding: 2px; font-weight: bold;">秒表</td>\r\n                                </tr>\r\n                            </tbody>\r\n                        </table>\r\n                        </td>\r\n                    </tr>\r\n                    <tr>\r\n                        <td width="100" style="padding: 5px 0px 5px 10px;">\r\n                        <table width="100%" cellspacing="1" cellpadding="0" border="0" bgcolor="#c5d7ed">\r\n                            <tbody>\r\n                                <tr>\r\n                                    <td width="100%" bgcolor="#f1f7fc" align="middle" style="padding: 2px; font-weight: bold;">挝Q算</td>\r\n                                </tr>\r\n                            </tbody>\r\n                        </table>\r\n                        </td>\r\n                        <td width="100" style="padding: 5px 0px 5px 10px;">\r\n                        <table width="100%" cellspacing="1" cellpadding="0" border="0">\r\n                            <tbody>\r\n                                <tr>\r\n                                    <td width="100%" align="middle" style="padding: 2px; float: none;">&nbsp;</td>\r\n                                </tr>\r\n                            </tbody>\r\n                        </table>\r\n                        </td>\r\n                    </tr>\r\n                </tbody>\r\n            </table>\r\n            </td>\r\n        </tr>\r\n    </tbody>\r\n</table>\r\n</div>\r\n<p>&nbsp;</p>', 'images/200905/thumb_img/32_thumb_G_1242110760196.jpg', 'images/200905/goods_img/32_G_1242110760868.jpg', 'images/200905/source_img/32_G_1242110760437.jpg', 1, '', 1, 1, 0, 30, 1242110760, 100, 0, 0, 1, 1, 1, 0, 1269589051, 9, '', -1, -1, NULL, NULL);


--
-- `ecs_goods_activity`
--
INSERT INTO `ecs_goods_activity` (`act_id`, `act_name`, `act_desc`, `act_type`, `goods_id`, `product_id`, `goods_name`, `start_time`, `end_time`, `is_finished`, `ext_info`) VALUES
(1, 'Z奇兵之Z基N96', '新一的Z_始了\n本期是 Z基n96', 0, 23, 0, 'Z基N96', 1242107580, 1242193980, 0, 'a:4:{s:11:"start_price";s:4:"1.00";s:9:"end_price";s:6:"800.00";s:9:"max_price";i:0;s:11:"cost_points";s:1:"1";}'),
(2, 'Z奇兵之夏新N7', '本期的Z品是 夏新N7', 0, 17, 0, '夏新N7', 1242107820, 1250661420, 0, 'a:4:{s:11:"start_price";s:4:"1.00";s:9:"end_price";s:6:"800.00";s:9:"max_price";i:0;s:11:"cost_points";s:1:"1";}'),
(3, 'P806', '本期F活印―想新品P806\nFI的多惠多', 1, 24, 0, 'P806', 1241971200, 1242403200, 3, 'a:4:{s:12:"price_ladder";a:3:{i:0;a:2:{s:6:"amount";i:10;s:5:"price";d:1850;}i:1;a:2:{s:6:"amount";i:15;s:5:"price";d:1800;}i:2;a:2:{s:6:"amount";i:20;s:5:"price";d:1780;}}s:15:"restrict_amount";i:0;s:13:"gift_integral";i:0;s:7:"deposit";d:1000;}'),
(4, '拍u活印―索C702c', '', 2, 10, 0, '索C702c', 1242144000, 1242403200, 0, 'a:5:{s:7:"deposit";d:0;s:11:"start_price";d:0;s:9:"end_price";i:0;s:9:"amplitude";d:20;s:6:"no_top";i:1;}'),
(5, '摩托_拉E8 大Y包', 'Y包大惠', 4, 31, 0, '摩托_拉E8 ', 1242110400, 1252046400, 0, 'a:1:{s:13:"package_price";s:4:"1430";}'),
(6, 'Z基N85大Y包', 'Z基N85超值大Y包', 4, 32, 0, 'Z基N85', 1242110760, 1248936360, 0, 'a:1:{s:13:"package_price";s:4:"3150";}'),
(7, '拍u活印―索C702c(第2期)', '拍u活印―――索C702c （第2期）', 2, 10, 0, '索C702c', 1241712000, 1274803200, 0, 'a:5:{s:7:"deposit";d:50;s:11:"start_price";d:0;s:9:"end_price";i:0;s:9:"amplitude";d:50;s:6:"no_top";i:1;}'),
(8, 'P806', 'F第2期', 1, 24, 0, 'P806', 1242316800, 1274803200, 0, 'a:4:{s:12:"price_ladder";a:2:{i:0;a:2:{s:6:"amount";i:5;s:5:"price";d:1910;}i:1;a:2:{s:6:"amount";i:10;s:5:"price";d:1860;}}s:15:"restrict_amount";i:0;s:13:"gift_integral";i:0;s:7:"deposit";d:1000;}');

--
-- `ecs_goods_article`
--
INSERT INTO `ecs_goods_article` (`goods_id`, `article_id`, `admin_id`) VALUES
(1, 27, 1),
(8, 28, 0),
(9, 8, 1),
(13, 29, 0),
(14, 29, 0),
(14, 31, 0),
(23, 8, 1),
(23, 30, 0),
(23, 31, 0),
(32, 8, 1),
(32, 30, 0);
--
-- `ecs_goods_attr`
--
INSERT INTO `ecs_goods_attr` (`goods_attr_id`, `goods_id`, `attr_id`, `attr_value`, `attr_price`) VALUES
(238, 1, 173, 'GSM,850,900,1800,1900', '0'),
(237, 1, 185, '灰色', ''),
(236, 1, 191, '支持', '0'),
(235, 1, 190, '支持', '0'),
(234, 1, 189, '2.4英寸', '0'),
(233, 1, 172, '2008年04月', '0'),
(228, 9, 178, '滑w', '0'),
(227, 9, 185, '白色', '0'),
(226, 9, 185, '黑色', '10'),
(232, 8, 178, '直板', '0'),
(231, 8, 185, '黑色', ''),
(230, 8, 190, '支持', '0'),
(229, 8, 189, '1.75英寸', '0'),
(217, 13, 185, '黑色', ''),
(216, 13, 189, '2.0英寸', '0'),
(215, 13, 172, '2008年07月', '0'),
(225, 10, 178, '直板', '0'),
(221, 13, 178, '直板', '0'),
(222, 10, 172, '2008年05月', '0'),
(223, 10, 189, '2.2英寸', '0'),
(224, 10, 173, 'GSM,850,900,1800,1900', '0'),
(220, 13, 175, '300小r', '0'),
(219, 13, 174, '4小r', '0'),
(212, 14, 172, '2008年10月', '0'),
(213, 14, 185, '黑色', '0'),
(214, 14, 178, '直板', '0'),
(218, 13, 173, 'GSM,850,900,1800,1900', '0'),
(211, 15, 178, '直板', '0'),
(210, 15, 210, '控耳C', '50'),
(200, 17, 189, '2.8英寸', '0'),
(201, 17, 185, '黑色', ''),
(202, 17, 173, 'CDMA', '0'),
(203, 17, 174, '8小r', '0'),
(204, 17, 175, '300小r', '0'),
(205, 17, 178, '直板', '0'),
(206, 15, 189, '2.2英寸', '0'),
(207, 15, 185, '黑色', ''),
(208, 15, 185, '白色', '20'),
(209, 15, 210, '', '20'),
(196, 19, 185, '黑色', ''),
(197, 19, 185, '金色', '10'),
(198, 19, 185, '白色', '20'),
(199, 19, 178, '滑w', '0'),
(195, 20, 173, 'GSM,900,1800,1900,2100', '0'),
(193, 20, 172, '2008年07月', '0'),
(194, 20, 185, '黑色', ''),
(187, 21, 180, 'T-Flash', '0'),
(189, 21, 210, '控耳C', '50'),
(188, 21, 185, '黑色', ''),
(186, 22, 178, '直板', '0'),
(182, 22, 185, '黑色', ''),
(183, 22, 173, 'GSM,850,900,1800,1900', '0'),
(184, 22, 174, '6.5小r', '0'),
(185, 22, 175, '450小r', '0'),
(181, 22, 181, '288MB', '0'),
(180, 22, 180, 'microSD', '0'),
(179, 22, 172, '2008年12月', '0'),
(192, 21, 175, '100小r', '0'),
(191, 21, 174, '2.5小r', '0'),
(178, 23, 178, '滑w', '0'),
(190, 21, 210, '', '20'),
(176, 23, 174, '2.5小r', '0'),
(177, 23, 175, '200小r', '0'),
(173, 23, 188, '320×240 像素', '0'),
(174, 23, 189, '2.8英寸', '0'),
(175, 23, 185, '黑色', ''),
(172, 23, 182, 'Symbian OS 9.3操作系y', '0'),
(171, 23, 181, '256MB', '0'),
(170, 23, 172, '2008年09月', '0'),
(169, 24, 179, 'SMS', '0'),
(166, 24, 190, '支持', '0'),
(167, 24, 185, '灰色', ''),
(168, 24, 210, '', '20'),
(165, 24, 183, '支持', '0'),
(164, 24, 172, '2008年06月', '0'),
(152, 32, 172, '2008年10月', '0'),
(153, 32, 180, 'MicroSD', '0'),
(154, 32, 181, '78MB', '0'),
(155, 32, 182, 'Symbian OS v9.3', '0'),
(156, 32, 189, '2.6英寸', '0'),
(157, 32, 210, '控耳C', '50'),
(158, 32, 210, '{牙耳C', '100'),
(159, 32, 210, '', '12'),
(160, 32, 173, 'GSM,850,900,1800,1900', '0'),
(161, 32, 174, '6.9 小r', '0'),
(162, 32, 175, '363 小r', '0'),
(163, 32, 185, '黑色', ''),
(239, 10, 185, '黑色', ''),
(240, 10, 185, '白色', '');

--
-- `ecs_goods_cat`
--
INSERT INTO `ecs_goods_cat` (`goods_id`, `cat_id`) VALUES
(8, 2),
(8, 5),
(16, 3),
(16, 5);

--
-- `ecs_goods_gallery`
--
INSERT INTO `ecs_goods_gallery` (`img_id`, `goods_id`, `img_url`, `img_desc`, `thumb_url`, `img_original`) VALUES
(1, 1, 'images/200905/goods_img/1_P_1240902890730.gif', '', 'images/200905/thumb_img/1_thumb_P_1240902890139.jpg', 'images/200905/source_img/1_P_1240902890193.gif'),
(2, 1, 'images/200905/goods_img/1_P_1240904370445.jpg', '', 'images/200905/thumb_img/1_thumb_P_1240904370846.jpg', 'images/200905/source_img/1_P_1240904370647.jpg'),
(3, 1, 'images/200905/goods_img/1_P_1240904371414.jpg', '', 'images/200905/thumb_img/1_thumb_P_1240904371539.jpg', 'images/200905/source_img/1_P_1240904371019.jpg'),
(4, 1, 'images/200905/goods_img/1_P_1240904371355.jpg', '', 'images/200905/thumb_img/1_thumb_P_1240904371335.jpg', 'images/200905/source_img/1_P_1240904371118.jpg'),
(5, 1, 'images/200905/goods_img/1_P_1240904371252.jpg', '', 'images/200905/thumb_img/1_thumb_P_1240904371430.jpg', 'images/200905/source_img/1_P_1240904371758.jpg'),
(6, 3, 'images/200905/goods_img/3_P_1241422082461.jpg', '', 'images/200905/thumb_img/3_thumb_P_1241422082160.jpg', 'images/200905/source_img/3_P_1241422082816.jpg'),
(7, 4, 'images/200905/goods_img/4_P_1241422402169.jpg', '', 'images/200905/thumb_img/4_thumb_P_1241422402909.jpg', 'images/200905/source_img/4_P_1241422402362.jpg'),
(8, 5, 'images/200905/goods_img/5_P_1241422518168.jpg', '', 'images/200905/thumb_img/5_thumb_P_1241422518416.jpg', 'images/200905/source_img/5_P_1241422518314.jpg'),
(9, 7, 'images/200905/goods_img/7_P_1241422785926.jpg', '', 'images/200905/thumb_img/7_thumb_P_1241422785889.jpg', 'images/200905/source_img/7_P_1241422785172.jpg'),
(10, 8, 'images/200905/goods_img/8_P_1241425513388.jpg', '', 'images/200905/thumb_img/8_thumb_P_1241425513834.jpg', 'images/200905/source_img/8_P_1241425513810.jpg'),
(11, 8, 'images/200905/goods_img/8_P_1241425891781.JPG', '正面', 'images/200905/thumb_img/8_thumb_P_1241425891460.jpg', 'images/200905/source_img/8_P_1241425891321.JPG'),
(12, 8, 'images/200905/goods_img/8_P_1241425891193.jpg', '背面', 'images/200905/thumb_img/8_thumb_P_1241425892547.jpg', 'images/200905/source_img/8_P_1241425891588.jpg'),
(13, 8, 'images/200905/goods_img/8_P_1241425892941.JPG', '让', 'images/200905/thumb_img/8_thumb_P_1241425892356.jpg', 'images/200905/source_img/8_P_1241425892999.JPG'),
(14, 9, 'images/200905/goods_img/9_P_1241511871575.jpg', '', 'images/200905/thumb_img/9_thumb_P_1241511871787.jpg', 'images/200905/source_img/9_P_1241511871749.jpg'),
(15, 12, 'images/200905/goods_img/12_P_1241965978060.jpg', '', 'images/200905/thumb_img/12_thumb_P_1241965978845.jpg', 'images/200905/source_img/12_P_1241965978333.jpg'),
(16, 12, 'images/200905/goods_img/12_P_1241966218046.jpg', '', 'images/200905/thumb_img/12_thumb_P_1241966218835.jpg', 'images/200905/source_img/12_P_1241966218225.jpg'),
(17, 12, 'images/200905/goods_img/12_P_1241966218391.jpg', '', 'images/200905/thumb_img/12_thumb_P_1241966218843.jpg', 'images/200905/source_img/12_P_1241966218859.jpg'),
(18, 13, 'images/200905/goods_img/13_P_1241967762510.jpg', '', 'images/200905/thumb_img/13_thumb_P_1241967762510.jpg', 'images/200905/source_img/13_P_1241967762358.jpg'),
(19, 13, 'images/200905/goods_img/13_P_1241968002659.jpg', '', 'images/200905/thumb_img/13_thumb_P_1241968002193.jpg', 'images/200905/source_img/13_P_1241968002709.jpg'),
(20, 14, 'images/200905/goods_img/14_P_1241968492774.jpg', '', 'images/200905/thumb_img/14_thumb_P_1241968492168.jpg', 'images/200905/source_img/14_P_1241968492973.jpg'),
(21, 14, 'images/200905/goods_img/14_P_1241968492721.jpg', '', 'images/200905/thumb_img/14_thumb_P_1241968492995.jpg', 'images/200905/source_img/14_P_1241968492307.jpg'),
(22, 14, 'images/200905/goods_img/14_P_1241968492279.jpg', '', 'images/200905/thumb_img/14_thumb_P_1241968492674.jpg', 'images/200905/source_img/14_P_1241968492392.jpg'),
(23, 16, 'images/200905/goods_img/16_P_1241968949498.jpg', '', 'images/200905/thumb_img/16_thumb_P_1241968949965.jpg', 'images/200905/source_img/16_P_1241968949069.jpg'),
(24, 17, 'images/200905/goods_img/17_P_1241969394354.jpg', '', 'images/200905/thumb_img/17_thumb_P_1241969394537.jpg', 'images/200905/source_img/17_P_1241969394369.jpg'),
(25, 19, 'images/200905/goods_img/19_P_1241970140820.jpg', '', 'images/200905/thumb_img/19_thumb_P_1241970140527.jpg', 'images/200905/source_img/19_P_1241970139925.jpg'),
(26, 19, 'images/200905/goods_img/19_P_1241970140600.jpg', '', 'images/200905/thumb_img/19_thumb_P_1241970140229.jpg', 'images/200905/source_img/19_P_1241970140187.jpg'),
(27, 19, 'images/200905/goods_img/19_P_1241970175007.jpg', '', 'images/200905/thumb_img/19_thumb_P_1241970175086.jpg', 'images/200905/source_img/19_P_1241970175028.jpg'),
(28, 22, 'images/200905/goods_img/22_P_1241971076061.jpg', '', 'images/200905/thumb_img/22_thumb_P_1241971076595.jpg', 'images/200905/source_img/22_P_1241971076696.jpg'),
(29, 23, 'images/200905/goods_img/23_P_1241971556661.jpg', '', 'images/200905/thumb_img/23_thumb_P_1241971556920.jpg', 'images/200905/source_img/23_P_1241971556122.jpg'),
(30, 24, 'images/200905/goods_img/24_P_1241971981420.jpg', '', 'images/200905/thumb_img/24_thumb_P_1241971981834.jpg', 'images/200905/source_img/24_P_1241971981824.jpg'),
(31, 25, 'images/200905/goods_img/25_P_1241972709888.jpg', '', 'images/200905/thumb_img/25_thumb_P_1241972709070.jpg', 'images/200905/source_img/25_P_1241972709222.jpg'),
(32, 26, 'images/200905/goods_img/26_P_1241972789025.jpg', '', 'images/200905/thumb_img/26_thumb_P_1241972789061.jpg', 'images/200905/source_img/26_P_1241972789731.jpg'),
(33, 27, 'images/200905/goods_img/27_P_1241972894128.jpg', '', 'images/200905/thumb_img/27_thumb_P_1241972894915.jpg', 'images/200905/source_img/27_P_1241972894886.jpg'),
(34, 28, 'images/200905/goods_img/28_P_1241972976099.jpg', '', 'images/200905/thumb_img/28_thumb_P_1241972976277.jpg', 'images/200905/source_img/28_P_1241972976150.jpg'),
(35, 29, 'images/200905/goods_img/29_P_1241973022876.jpg', '', 'images/200905/thumb_img/29_thumb_P_1241973022886.jpg', 'images/200905/source_img/29_P_1241973022880.jpg'),
(36, 30, 'images/200905/goods_img/30_P_1241973114554.jpg', '', 'images/200905/thumb_img/30_thumb_P_1241973114166.jpg', 'images/200905/source_img/30_P_1241973114795.jpg'),
(38, 20, 'images/200905/goods_img/20_P_1242106490582.jpg', '', 'images/200905/thumb_img/20_thumb_P_1242106490836.jpg', 'images/200905/source_img/20_P_1242106490796.jpg'),
(39, 21, 'images/200905/goods_img/21_P_1242109298519.jpg', '', 'images/200905/thumb_img/21_thumb_P_1242109298525.jpg', 'images/200905/source_img/21_P_1242109298459.jpg'),
(40, 31, 'images/200905/goods_img/31_P_1242110412503.jpg', '', 'images/200905/thumb_img/31_thumb_P_1242110412614.jpg', 'images/200905/source_img/31_P_1242110412152.jpg'),
(41, 32, 'images/200905/goods_img/32_P_1242110760641.jpg', '', 'images/200905/thumb_img/32_thumb_P_1242110760997.jpg', 'images/200905/source_img/32_P_1242110760203.jpg'),
(42, 15, 'images/200905/goods_img/15_P_1242973362276.jpg', '', 'images/200905/thumb_img/15_thumb_P_1242973362611.jpg', 'images/200905/source_img/15_P_1242973362172.jpg'),
(43, 10, 'images/200905/goods_img/10_P_1242973436620.jpg', '', 'images/200905/thumb_img/10_thumb_P_1242973436219.jpg', 'images/200905/source_img/10_P_1242973436898.jpg');

--
-- `ecs_group_goods`
--
INSERT INTO `ecs_group_goods` (`parent_id`, `goods_id`, `goods_price`, `admin_id`) VALUES
(9, 4, 58.00, 1),
(9, 3, 68.00, 1),
(9, 7, 100.00, 1),
(14, 5, 20.00, 1),
(14, 6, 42.00, 1),
(14, 7, 100.00, 1);

--
-- `ecs_keywords`
--
INSERT INTO `ecs_keywords` (`date`, `searchengine`, `keyword`, `count`) VALUES
('2009-04-21', 'ecshop', 'Z基', 1),
('2009-04-27', 'ecshop', '智能手C', 1),
('2009-05-04', 'ecshop', '斤', 1),
('2009-05-10', 'ecshop', 'Z基', 1),
('2009-05-11', 'ecshop', '智能手C', 1),
('2009-05-11', 'ecshop', 'Z基', 1),
('2009-05-12', 'ecshop', '三星', 1),
('2009-05-12', 'ecshop', '智能手C', 1),
('2009-05-12', 'ecshop', 'p806', 1),
('2009-05-12', 'ecshop', 'Z基', 1),
('2009-05-12', 'ecshop', '夏新', 1),
('2009-05-18', 'ecshop', '52', 2),
('2009-05-22', 'ecshop', 'p', 1);

--
-- `ecs_link_goods`
--
INSERT INTO `ecs_link_goods` (`goods_id`, `link_goods_id`, `is_double`, `admin_id`) VALUES
(12, 9, 0, 1),
(12, 10, 0, 1),
(12, 11, 0, 1),
(9, 13, 1, 1),
(13, 9, 1, 1),
(14, 9, 0, 1),
(14, 13, 0, 1),
(23, 9, 0, 1),
(13, 23, 1, 1),
(23, 13, 1, 1);

--
-- `ecs_member_price`
--
INSERT INTO `ecs_member_price` (`price_id`, `goods_id`, `user_rank`, `user_price`) VALUES
(1, 23, 3, 3200.00),
(2, 23, 2, 3300.00),
(3, 13, 3, 1100.00),
(4, 13, 2, 1200.00);



--
-- `ecs_order_action`
--
INSERT INTO `ecs_order_action` (`action_id`, `order_id`, `action_user`, `order_status`, `shipping_status`, `pay_status`, `action_note`, `log_time`) VALUES
(1, 2, 'admin', 1, 0, 2, '[售後] 1132', 1242142350),
(2, 2, 'admin', 1, 1, 2, '已l，]意接收', 1242142389),
(3, 1, 'admin', 1, 1, 2, '已l，]意接收', 1242142432),
(4, 2, 'I家', 1, 2, 2, '', 1242142449),
(5, 1, 'I家', 1, 2, 2, '', 1242142451),
(6, 3, 'admin', 1, 1, 2, '已l了，]意接收', 1242142589),
(7, 3, 'I家', 1, 2, 2, '', 1242142634),
(8, 5, 'admin', 1, 3, 2, '', 1242142869),
(9, 6, 'admin', 3, 0, 0, 'r缺', 1242143337),
(10, 7, 'admin', 1, 0, 0, '', 1242143454),
(11, 1, 'admin', 1, 2, 2, '[售後] 售後', 1242143773),
(12, 2, 'admin', 4, 0, 0, '|量}', 1242144185),
(13, 12, 'buyer', 2, 0, 0, '用羧∠', 1242576313),
(14, 13, 'admin', 1, 1, 0, '11', 1242576445),
(15, 14, 'admin', 1, 3, 2, '', 1242976715),
(16, 14, 'admin', 1, 1, 2, '已l，接收', 1242976740),
(17, 15, 'admin', 1, 0, 0, '', 1245044587),
(18, 15, 'admin', 1, 0, 2, '已付款', 1245044644),
(19, 15, 'admin', 1, 4, 2, '', 1245044964),
(20, 15, 'admin', 1, 4, 2, '北京供商', 1245045061),
(21, 3, 'admin', 4, 0, 0, '不喜g@色', 1245045334),
(22, 15, 'admin', 1, 1, 2, '', 1245045443),
(23, 15, 'admin', 4, 0, 0, '退', 1245045515),
(24, 16, 'admin', 1, 4, 2, '上海供', 1245045723),
(25, 17, 'admin', 1, 1, 2, '', 1245048189),
(26, 17, 'admin', 4, 0, 0, '退', 1245048212),
(27, 19, 'admin', 1, 1, 2, '', 1245384050);

--
-- `ecs_order_goods`
--
INSERT INTO `ecs_order_goods` (`rec_id`, `order_id`, `goods_id`, `goods_name`, `goods_sn`, `goods_number`, `market_price`, `goods_price`, `goods_attr`, `send_number`, `is_real`, `extension_code`, `parent_id`, `is_gift`, `goods_attr_id`) VALUES
(1, 1, 8, 'w利浦9@9v', 'ECS000008', 1, 478.79, 385.00, '色:黑 \n', 0, 1, '', 0, 0, '231'),
(2, 2, 12, '摩托_拉A810', 'ECS000012', 1, 1179.60, 960.00, '', 0, 1, '', 0, 0, ''),
(3, 3, 17, '夏新N7', 'ECS000017', 1, 2760.00, 2300.00, '', 0, 1, '', 0, 0, ''),
(4, 4, 22, '多普_Touch HD', 'ECS000022', 1, 7198.80, 5999.00, '', 0, 1, '', 0, 0, ''),
(5, 5, 9, 'Z基E66', 'ECS000009', 3, 2757.60, 2200.00, '', 0, 1, '', 0, 0, ''),
(6, 5, 24, 'P806', 'ECS000024', 1, 2400.00, 2000.00, '', 0, 1, '', 0, 0, ''),
(7, 6, 5, '索墼bM2卡x卡器', 'ECS000005', 1, 24.00, 20.00, '', 0, 1, '', 0, 0, ''),
(8, 7, 9, 'Z基E66', 'ECS000009', 1, 2757.60, 2298.00, '', 0, 1, '', 0, 0, ''),
(9, 8, 20, '三星BC01', 'ECS000020', 1, 336.00, 238.00, '', 0, 1, '', 0, 0, ''),
(10, 8, 8, 'w利浦9@9v', 'ECS000008', 1, 478.79, 385.00, '色:黑 \n', 0, 1, '', 0, 0, '231'),
(11, 9, 24, 'P806', 'ECS000024', 1, 2400.00, 2000.00, '', 0, 1, '', 0, 0, ''),
(12, 10, 24, 'P806', 'ECS000024', 1, 2400.00, 0.00, '', 0, 1, '', 0, 0, ''),
(13, 11, 23, 'Z基N96', 'ECS000023', 1, 4440.00, 3800.00, '附加配件: 原b池 [+100]', 0, 1, '', 0, 0, ''),
(14, 12, 20, '三星BC01', 'ECS000020', 1, 336.00, 238.00, '', 0, 1, '', 0, 0, ''),
(15, 13, 12, '摩托_拉A810', 'ECS000012', 1, 1179.60, 960.00, '', 0, 1, '', 0, 0, ''),
(16, 14, 15, '摩托_拉A810', 'ECS000015', 5, 705.60, 588.00, '', 0, 1, '', 0, 0, ''),
(17, 14, 20, '三星BC01', 'ECS000020', 1, 336.00, 238.00, '', 0, 1, '', 0, 0, ''),
(18, 14, 22, '多普_Touch HD', 'ECS000022', 1, 7198.80, 5999.00, '', 0, 1, '', 0, 0, ''),
(19, 14, 3, 'Z基原b5800耳C', 'ECS000002', 4, 81.60, 68.00, '色:y色 \n', 0, 1, '', 0, 0, ''),
(20, 14, 9, 'Z基E66', 'ECS000009', 2, 2757.60, 2298.00, '', 0, 1, '', 0, 0, ''),
(21, 15, 13, 'Z基5320 XpressMusic', 'ECS000013', 3, 1583.20, 1210.00, '色:t[10] \n', 0, 1, '', 0, 0, ''),
(22, 15, 14, 'Z基5800XM', 'ECS000014', 1, 3150.00, 2493.75, '', 0, 1, '', 0, 0, ''),
(23, 15, 24, 'P806', 'ECS000024', 4, 2400.00, 1900.00, '', 0, 1, '', 0, 0, ''),
(24, 15, 9, 'Z基E66', 'ECS000009', 1, 2757.60, 2183.10, '', 0, 1, '', 0, 0, ''),
(25, 15, 8, 'w利浦9@9v', 'ECS000008', 3, 478.79, 379.05, '色:黑 \n', 0, 1, '', 0, 0, '231'),
(26, 16, 12, '摩托_拉A810', 'ECS000012', 2, 1179.60, 933.85, '', 2, 1, '', 0, 0, ''),
(27, 16, 1, 'KD876', 'ECS000000', 1, 1665.60, 1318.60, '', 0, 1, '', 0, 0, ''),
(28, 17, 24, 'P806', 'ECS000024', 1, 2400.00, 1900.00, '', 0, 1, '', 0, 0, ''),
(29, 18, 24, 'P806', 'ECS000024', 5, 2400.00, 100.00, '', 0, 1, '', 0, 0, ''),
(30, 19, 12, '摩托_拉A810', 'ECS000012', 2, 1179.60, 933.85, '', 2, 1, '', 0, 0, ''),
(31, 19, 24, 'P806', 'ECS000024', 2, 2400.00, 1850.00, '色:灰色 \n', 2, 1, '', 0, 0, '167');

--
-- `ecs_order_info`
--
INSERT INTO `ecs_order_info` (`order_id`, `order_sn`, `user_id`, `order_status`, `shipping_status`, `pay_status`, `consignee`, `country`, `province`, `city`, `district`, `address`, `zipcode`, `tel`, `mobile`, `email`, `best_time`, `sign_building`, `postscript`, `shipping_id`, `shipping_name`, `pay_id`, `pay_name`, `how_oos`, `how_surplus`, `pack_name`, `card_name`, `card_message`, `inv_payee`, `inv_content`, `goods_amount`, `shipping_fee`, `insure_fee`, `pay_fee`, `pack_fee`, `card_fee`, `money_paid`, `surplus`, `integral`, `integral_money`, `bonus`, `order_amount`, `from_ad`, `referer`, `add_time`, `confirm_time`, `pay_time`, `shipping_time`, `pack_id`, `card_id`, `bonus_id`, `invoice_no`, `extension_code`, `extension_id`, `to_buyer`, `pay_note`, `agency_id`, `inv_type`, `tax`, `is_separate`, `parent_id`, `discount`) VALUES
(1, '2009051298180', 1, 1, 2, 2, '⑾壬', 1, 2, 52, 500, '[中 北京 北京 海^] 中P村海d大B', '100085', '010-25851234', '13986765412', 'ecshop@ecshop.com', '中午', '法院', '', 5, '申通快f', 1, '余~支付', '等待所有商品潺R後再l', '', '', '', '', '', '', 385.00, 15.00, 0.00, 0.00, 0.00, 0.00, 0.00, 400.00, 0, 0.00, 0.00, 0.00, 0, '本站', 1242142274, 1242142274, 1242142274, 1242142432, 0, 0, 0, '122', '', 0, '', '', 0, '', 0.00, 0, 0, 0.00),
(2, '2009051255518', 1, 4, 0, 0, '⑾壬', 1, 2, 52, 500, '[中 北京 北京 海^] 中P村海d大B', '100085', '010-25851234', '13986765412', 'ecshop@ecshop.com', '中午', '法院', '', 3, '城H快f', 1, '余~支付', '等待所有商品潺R後再l', '', '精品包b', '祝福R卡', '晚淼淖８', '', '', 960.00, 10.00, 0.00, 0.00, 0.00, 5.00, 0.00, 0.00, 0, 0.00, 0.00, 0.00, 0, '本站', 1242142324, 1242142324, 1242142324, 1242142389, 1, 1, 0, '111', '', 0, '', '', 0, '', 0.00, 0, 0, 0.00),
(3, '2009051267570', 1, 4, 0, 0, '⑾壬', 1, 2, 52, 500, '[中 北京 北京 海^] 中P村海d大B', '100085', '010-25851234', '13986765412', 'ecshop@ecshop.com', '中午', '法院', '', 3, '城H快f', 1, '余~支付', '等待所有商品潺R後再l', '', '', '', '', '', '', 2300.00, 10.00, 0.00, 0.00, 0.00, 0.00, 0.00, 0.00, 0, 0.00, 0.00, 0.00, 0, '本站', 1242142549, 1242142549, 1242142549, 1242142589, 0, 0, 0, '', '', 0, '', '', 0, '', 0.00, 0, 0, 0.00),
(4, '2009051230249', 1, 1, 0, 2, '⑾壬', 1, 2, 52, 500, '[中 北京 北京 海^] 中P村海d大B', '100085', '010-25851234', '13986765412', 'ecshop@ecshop.com', '中午', '法院', '', 3, '城H快f', 1, '余~支付', '等待所有商品潺R後再l', '', '', '', '', '', '', 5999.00, 10.00, 0.00, 0.00, 0.00, 0.00, 0.00, 5989.00, 0, 0.00, 20.00, 0.00, 0, '本站', 1242142681, 1242142681, 1242142681, 0, 0, 0, 1, '', '', 0, '', '', 0, '', 0.00, 0, 0, 0.00),
(5, '2009051276258', 1, 1, 3, 2, '⑾壬', 1, 2, 52, 500, '[中 北京 北京 海^] 中P村海d大B', '100085', '010-25851234', '13986765412', 'ecshop@ecshop.com', '中午', '法院', '', 3, '城H快f', 1, '余~支付', '等待所有商品潺R後再l', '', '', '', '', '', '', 8600.00, 10.00, 0.00, 0.00, 0.00, 0.00, 0.00, 8610.00, 0, 0.00, 0.00, 0.00, 0, '本站', 1242142808, 1242142808, 1242142808, 0, 0, 0, 0, '', '', 0, '', '', 0, '', 0.00, 0, 0, 0.00),
(6, '2009051217221', 3, 3, 0, 0, '~先生', 1, 2, 52, 510, '通州^旗P旋小^', '', '13588104710', '', 'text@ecshop.com', '', '', '', 5, '申通快f', 2, 'y行R款/D', '等待所有商品潺R後再l', '', '', '', '', '', '', 20.00, 15.00, 0.00, 0.00, 0.00, 0.00, 0.00, 0.00, 0, 0.00, 0.00, 35.00, 0, '', 1242143292, 0, 0, 0, 0, 0, 0, '', '', 0, '', '', 0, '', 0.00, 0, 0, 0.00),
(7, '2009051227085', 3, 1, 0, 0, '~先生', 1, 2, 52, 510, '通州^旗P旋小^', '', '13588104710', '', 'text@ecshop.com', '', '', '', 5, '申通快f', 2, 'y行R款/D', '等待所有商品潺R後再l', '', '', '', '', '', '', 2298.00, 15.00, 0.00, 0.00, 0.00, 0.00, 0.00, 1000.00, 0, 0.00, 0.00, 1198.10, 0, '', 1242143383, 1242143454, 0, 0, 0, 0, 0, '', '', 0, '', '', 0, '', 0.00, 0, 0, 114.90),
(8, '2009051299732', 3, 0, 0, 0, '~先生', 1, 2, 52, 510, '通州^旗P旋小^', '', '13588104710', '', 'text@ecshop.com', '', '', '', 5, '申通快f', 2, 'y行R款/D', '等待所有商品潺R後再l', '', '', '', '', '', '', 623.00, 15.00, 0.00, 0.00, 0.00, 0.00, 0.00, 0.00, 0, 0.00, 0.00, 638.00, 0, '', 1242143444, 0, 0, 0, 0, 0, 0, '', '', 0, '', '', 0, '', 0.00, 0, 0, 0.00),
(9, '2009051210718', 3, 0, 0, 0, '~先生', 1, 2, 52, 510, '通州^旗P旋小^', '', '13588104710', '', 'text@ecshop.com', '', '', '', 5, '申通快f', 2, 'y行R款/D', '等待所有商品潺R後再l', '', '', '', '', '', '', 2000.00, 15.00, 0.00, 0.00, 0.00, 0.00, 0.00, 0.00, 0, 0.00, 0.00, 2015.00, 0, '', 1242143732, 0, 0, 0, 0, 0, 0, '', '', 0, '', '', 0, '', 0.00, 0, 0, 0.00),
(10, '2009051268194', 1, 1, 0, 2, '⑾壬', 1, 2, 52, 500, '海d大B', '', '010-25851234', '13986765412', 'ecshop@ecshop.com', '', '', '', 3, '城H快f', 1, '余~支付', '等待所有商品潺R後再l', '', '', '', '', '', '', 0.00, 10.00, 0.00, 0.00, 0.00, 0.00, 0.00, 10.00, 17000, 0.00, 0.00, 0.00, 0, '', 1242143920, 1242143920, 1242143920, 0, 0, 0, 0, '', 'exchange_goods', 24, '', '', 0, '', 0.00, 0, 0, 0.00),
(11, '2009051264945', 0, 1, 0, 0, '林小姐', 1, 2, 52, 500, '中P村海d大B', '', '135474510', '', 'linzi@116.com', '', '', '', 3, '城H快f', 2, 'y行R款/D', '', '', '', '', '', '', '', 3800.00, 10.00, 0.00, 0.00, 0.00, 0.00, 0.00, 0.00, 0, 0.00, 0.00, 3810.00, 0, '管理T添加', 1242144250, 1242144363, 0, 0, 0, 0, 0, '', '', 0, '', '', 0, '', 0.00, 0, 0, 0.00),
(12, '2009051712919', 1, 2, 0, 0, '⑾壬', 1, 2, 52, 502, '海d大B', '', '010-25851234', '13986765412', 'ecshop@ecshop.com', '', '', '', 3, '城H快f', 3, '到付款', '等待所有商品潺R後再l', '', '', '', '', '', '', 238.00, 10.00, 0.00, 5.00, 0.00, 0.00, 0.00, 0.00, 0, 0.00, 0.00, 253.00, 0, '本站', 1242576304, 0, 0, 0, 0, 0, 0, '', '', 0, '', '', 0, '', 0.00, 0, 0, 0.00),
(13, '2009051719232', 1, 1, 1, 0, '⑾壬', 1, 2, 52, 502, '海d大B', '', '010-25851234', '13986765412', 'ecshop@ecshop.com', '', '', '', 3, '城H快f', 3, '到付款', '等待所有商品潺R後再l', '', '', '', '', '', '', 960.00, 10.00, 0.00, 5.00, 0.00, 0.00, 0.00, 0.00, 0, 0.00, 0.00, 975.00, 0, '本站', 1242576341, 1242576445, 0, 1242576445, 0, 0, 0, '', '', 0, '', '', 0, '', 0.00, 0, 0, 0.00),
(14, '2009052224892', 1, 1, 1, 2, '⑾壬', 1, 2, 52, 502, '海d大B', '', '010-25851234', '13986765412', 'ecshop@ecshop.com', '', '', '', 3, '城H快f', 1, '余~支付', '等待所有商品潺R後再l', '', '', '', '', '', '', 14045.00, 10.00, 0.00, 0.00, 0.00, 0.00, 0.00, 13806.60, 0, 0.00, 5.00, 0.00, 0, '本站', 1242976699, 1242976699, 1242976699, 1242976740, 0, 0, 2, '1123344', '', 0, '', '', 0, '', 0.00, 0, 0, 243.40),
(15, '2009061585887', 1, 4, 0, 0, '⑾壬', 1, 2, 52, 502, '海d大B', '', '010-25851234', '13986765412', 'ecshop@ecshop.com', '', '', '', 3, '城H快f', 2, 'y行R款/D', '等待所有商品潺R後再l', '', '', '', '', '', '', 17044.00, 10.00, 0.00, 0.00, 0.00, 0.00, 0.00, 0.00, 0, 0.00, 0.00, 17054.00, 0, '本站', 1245044533, 1245044587, 1245044644, 1245045443, 0, 0, 0, '', '', 0, '', '', 0, '', 0.00, 0, 0, 0.00),
(16, '2009061525429', 1, 1, 4, 2, '⑾壬', 1, 2, 52, 502, '海d大B', '', '010-25851234', '13986765412', 'ecshop@ecshop.com', '', '', '', 3, '城H快f', 1, '余~支付', '等待所有商品潺R後再l', '', '', '', '', '', '', 3186.30, 10.00, 0.00, 0.00, 0.00, 0.00, 0.00, 3196.30, 0, 0.00, 0.00, 0.00, 0, '本站', 1245045672, 1245045672, 1245045672, 1245045723, 0, 0, 0, '2009061525121', '', 0, '', '', 0, '', 0.00, 0, 0, 0.00),
(17, '2009061503335', 1, 4, 0, 0, '⑾壬', 1, 2, 52, 502, '海d大B', '', '010-25851234', '13986765412', 'ecshop@ecshop.com', '', '', '', 3, '城H快f', 1, '余~支付', '等待所有商品潺R後再l', '', '', '', '', '', '', 1900.00, 10.00, 0.00, 0.00, 0.00, 0.00, 0.00, 0.00, 0, 0.00, 0.00, 0.00, 0, '本站', 1245047978, 1245047978, 1245047978, 1245048189, 0, 0, 0, '', '', 0, '', '', 0, '', 0.00, 0, 0, 0.00),
(18, '2009061510313', 1, 1, 0, 2, '⑾壬', 1, 2, 52, 502, '海d大B', '', '010-25851234', '13986765412', 'ecshop@ecshop.com', '', '', '', 3, '城H快f', 1, '余~支付', '等待所有商品潺R後再l', '', '', '', '', '', '', 500.00, 10.00, 0.00, 0.00, 0.00, 0.00, 0.00, 500.00, 0, 0.00, 0.00, 0.00, 0, '本站', 1245048585, 1245048585, 1245048585, 0, 0, 0, 0, '', 'group_buy', 8, '', '', 0, '', 0.00, 0, 0, 0.00),
(19, '2009061909851', 1, 1, 1, 2, '⑾壬', 1, 2, 52, 502, '海d大B', '', '010-25851234', '13986765412', 'ecshop@ecshop.com', '', '', '', 3, '城H快f', 1, '余~支付', '等待所有商品潺R後再l', '', '', '', '', '', '', 5567.70, 10.00, 0.00, 0.00, 0.00, 0.00, 0.00, 5577.70, 0, 0.00, 0.00, 0.00, 0, '本站', 1245384008, 1245384008, 1245384008, 1245384049, 0, 0, 0, '232421', '', 0, '', '', 0, '', 0.00, 0, 0, 0.00);

--
-- `ecs_pack`
--
INSERT INTO `ecs_pack` (`pack_id`, `pack_name`, `pack_img`, `pack_fee`, `free_money`, `pack_desc`) VALUES
(1, '精品包b', '1242108360911825791.jpg', 5, 800, '精品包b，M心槟O一份不一拥亩Y物');

--
-- `ecs_package_goods`
--
INSERT INTO `ecs_package_goods` (`package_id`, `goods_id`, `goods_number`, `admin_id`) VALUES
(5, 6, 1, 1),
(5, 5, 1, 1),
(6, 4, 1, 1),
(6, 7, 1, 1),
(6, 32, 1, 1),
(5, 31, 1, 1);

--
-- `ecs_payment`
--
INSERT INTO `ecs_payment` (`pay_id`, `pay_code`, `pay_name`, `pay_fee`, `pay_desc`, `pay_order`, `pay_config`, `enabled`, `is_cod`, `is_online`) VALUES
(1, 'balance', '余~支付', '0', '使用粲囝~支付。只有T才能使用，通^O置信用~度，可以透支。', 0, 'a:0:{}', 1, 0, 1),
(2, 'bank', 'y行R款/D', '0', 'y行名Q\n收款人信息：全Q ××× ；ぬ或地址 ××× ；_粜 ×××。\n]意事：k理Rr，在R巍R款用途”一谔]明您的翁。', 0, 'a:0:{}', 1, 0, 0),
(3, 'cod', '到付款', '0', '_通城市：×××\n到付款^域：×××', 0, 'a:0:{}', 1, 1, 0);

--
-- `ecs_pay_log`
--
INSERT INTO `ecs_pay_log` (`log_id`, `order_id`, `order_amount`, `order_type`, `is_paid`) VALUES
(1, 1, 0.00, 0, 0),
(2, 2, 0.00, 0, 0),
(3, 3, 0.00, 0, 0),
(4, 4, 0.00, 0, 0),
(5, 5, 0.00, 0, 0),
(6, 6, 35.00, 0, 0),
(7, 7, 2198.10, 0, 0),
(8, 8, 638.00, 0, 0),
(9, 9, 2015.00, 0, 0),
(10, 10, 0.00, 0, 0),
(11, 11, 3810.00, 0, 0),
(12, 12, 253.00, 0, 0),
(13, 13, 975.00, 0, 0),
(14, 14, 0.00, 0, 0),
(15, 15, 17054.00, 0, 0),
(16, 16, 0.00, 0, 0),
(17, 17, 0.00, 0, 0),
(18, 18, 0.00, 0, 0);

--
-- `ecs_shipping`
--
INSERT INTO `ecs_shipping` (`shipping_id`, `shipping_code`, `shipping_name`, `shipping_desc`, `insure`, `support_cod`, `enabled`, `shipping_print`) VALUES
(1, 'post_express', ']政快f包裹', ']政快f包裹的描述热荨', '1%', 0, 1, ''),
(2, 'yto', 'A通速f', '上海A通物流（速f）有限公司^多年的Wj快速l展，在中速f行I中一直於I先地位。榱四芨好的l展H快件市觯加快cH市龅慕榆，化A通的整w力，A通已在|南、W美、中|、北美洲、非洲等S多城市\作H快件I', '0', 1, 1, ''),
(3, 'city_express', '城H快f', '配送的\M是固定的', '0', 1, 1, ''),
(4, 'flat', '市瓤爝f', '固定\M的配送方式热', '0', 1, 1, ''),
(5, 'sto_express', '申通快f', '江、浙、地^首重15元/KG，其他地^18元/KG， m重均5-6元/KG， 南地^8元', '0', 0, 1, ''),
(6, 'post_mail', ']局平]', ']局平]的描述热荨', '0', 0, 1, ''),
(7, 'fpd', '\M到付', '所商品到_即付\M', '0', 0, 1, '');

--
-- `ecs_shipping_area`
--
INSERT INTO `ecs_shipping_area` (`shipping_area_id`, `shipping_area_name`, `shipping_id`, `configure`) VALUES
(1, '申通', 5, 'a:5:{i:0;a:2:{s:4:"name";s:8:"item_fee";s:5:"value";s:2:"15";}i:1;a:2:{s:4:"name";s:8:"base_fee";s:5:"value";s:2:"15";}i:2;a:2:{s:4:"name";s:8:"step_fee";s:5:"value";s:1:"5";}i:3;a:2:{s:4:"name";s:10:"free_money";s:5:"value";s:1:"0";}i:4;a:2:{s:4:"name";s:16:"fee_compute_mode";s:5:"value";s:9:"by_weight";}}'),
(2, '1', 3, 'a:4:{i:0;a:2:{s:4:"name";s:8:"base_fee";s:5:"value";s:2:"10";}i:1;a:2:{s:4:"name";s:10:"free_money";s:5:"value";s:6:"100000";}i:2;a:2:{s:4:"name";s:16:"fee_compute_mode";s:5:"value";N;}i:3;a:2:{s:4:"name";s:7:"pay_fee";s:5:"value";s:1:"5";}}'),
(3, ']局', 6, 'a:7:{i:0;a:2:{s:4:"name";s:8:"item_fee";s:5:"value";s:1:"4";}i:1;a:2:{s:4:"name";s:8:"base_fee";s:5:"value";s:3:"3.5";}i:2;a:2:{s:4:"name";s:8:"step_fee";s:5:"value";s:3:"2.5";}i:3;a:2:{s:4:"name";s:9:"step_fee1";s:5:"value";N;}i:4;a:2:{s:4:"name";s:8:"pack_fee";s:5:"value";s:1:"0";}i:5;a:2:{s:4:"name";s:10:"free_money";s:5:"value";s:5:"50000";}i:6;a:2:{s:4:"name";s:16:"fee_compute_mode";s:5:"value";s:9:"by_weight";}}'),
(4, '\M到付', 7, 'a:2:{i:0;a:2:{s:4:"name";s:10:"free_money";s:5:"value";s:5:"50000";}i:1;a:2:{s:4:"name";s:16:"fee_compute_mode";s:5:"value";N;}}');

--
-- `ecs_snatch_log`
--
INSERT INTO `ecs_snatch_log` (`log_id`, `snatch_id`, `user_id`, `bid_price`, `bid_time`) VALUES
(1, 2, 1, 17.00, 1242142910),
(2, 1, 1, 50.00, 1242142935);

--
-- `ecs_stats`
--
INSERT INTO `ecs_stats` (`access_time`, `ip_address`, `visit_times`, `browser`, `system`, `language`, `area`, `referer_domain`, `referer_path`, `access_url`) VALUES
(1240294063, '0.0.0.0', 196, 'FireFox 3.0.8', 'Windows XP', 'zh-cn', 'IANA', 'http://localhost:8080', '/shoujitiyan/admin/index.php?act=top', '/shoujitiyan/index.php'),
(1240298833, '0.0.0.0', 198, 'FireFox 3.0.8', 'Windows XP', 'zh-cn', 'IANA', 'http://localhost:8080', '/shoujitiyan/admin/index.php?act=top', '/shoujitiyan/index.php'),
(1240380013, '0.0.0.0', 204, 'FireFox 3.0.8', 'Windows XP', 'zh-cn', 'IANA', 'http://localhost:8080', '/', '/shoujitiyan/index.php'),
(1240463462, '0.0.0.0', 208, 'FireFox 3.0.9', 'Windows XP', 'zh-cn', 'IANA', 'http://localhost:8080', '/shoujitiyan/admin/index.php?act=top', '/shoujitiyan/index.php'),
(1240800901, '0.0.0.0', 222, 'FireFox 3.0.9', 'Windows XP', 'zh-cn', 'IANA', 'http://localhost:8080', '/shoujitiyan/admin/index.php?act=top', '/shoujitiyan/index.php'),
(1240803254, '0.0.0.0', 227, 'FireFox 3.0.9', 'Windows XP', 'zh-cn', 'IANA', 'http://localhost:8080', '/shoujitiyan/admin/index.php?act=top', '/shoujitiyan/index.php'),
(1240904381, '0.0.0.0', 237, 'FireFox 3.0.9', 'Windows XP', 'zh-cn', 'IANA', 'http://localhost:8080', '/shoujitiyan/admin/index.php?act=top', '/shoujitiyan/index.php'),
(1241419322, '0.0.0.0', 250, 'FireFox 3.0.10', 'Windows XP', 'zh-cn', 'IANA', 'http://localhost:8080', '/shoujitiyan/admin/goods.php?act=list', '/shoujitiyan/goods.php'),
(1241420999, '0.0.0.0', 252, 'FireFox 3.0.10', 'Windows XP', 'zh-cn', 'IANA', 'http://localhost:8080', '/shoujitiyan/admin/index.php?act=top', '/shoujitiyan/index.php'),
(1241424831, '0.0.0.0', 253, 'FireFox 3.0.10', 'Windows XP', 'zh-cn', 'IANA', 'http://localhost:8080', '/shoujitiyan/admin/goods.php?act=list', '/shoujitiyan/goods.php'),
(1241498580, '0.0.0.0', 257, 'FireFox 3.0.10', 'Windows XP', 'zh-cn', 'IANA', 'http://localhost:8080', '/shoujitiyan/admin/index.php?act=top', '/shoujitiyan/index.php'),
(1241511324, '0.0.0.0', 262, 'FireFox 3.0.10', 'Windows XP', 'zh-cn', 'IANA', 'http://localhost:8080', '/shoujitiyan/admin/goods.php?act=list', '/shoujitiyan/goods.php'),
(1241514671, '0.0.0.0', 263, 'FireFox 3.0.10', 'Windows XP', 'zh-cn', 'IANA', 'http://localhost:8080', '/shoujitiyan/admin/index.php?act=top', '/shoujitiyan/index.php'),
(1241517726, '0.0.0.0', 265, 'FireFox 3.0.10', 'Windows XP', 'zh-cn', 'IANA', '', '', '/shoujitiyan/index.php'),
(1241946350, '127.0.0.1', 39, 'FireFox 2.0.0.20', 'Windows XP', 'zh-cn', 'LAN', 'http://localhost:8080', '/shoujitiyan/admin/index.php?act=top', '/shoujitiyan/index.php'),
(1241965138, '127.0.0.1', 41, 'FireFox 2.0.0.20', 'Windows XP', 'zh-cn', 'LAN', 'http://localhost:8080', '/', '/shoujitiyan/index.php'),
(1241966751, '127.0.0.1', 43, 'FireFox 2.0.0.20', 'Windows XP', 'zh-cn', 'LAN', 'http://localhost:8080', '/shoujitiyan/admin/index.php?act=top', '/shoujitiyan/index.php'),
(1241970153, '127.0.0.1', 45, 'FireFox 2.0.0.20', 'Windows XP', 'zh-cn', 'LAN', 'http://localhost:8080', '/shoujitiyan/admin/goods.php?act=list', '/shoujitiyan/goods.php'),
(1241970640, '127.0.0.1', 47, 'FireFox 2.0.0.20', 'Windows XP', 'zh-cn', 'LAN', 'http://localhost:8080', '/shoujitiyan/admin/index.php?act=top', '/shoujitiyan/index.php'),
(1242105962, '0.0.0.0', 310, 'FireFox 3.0.10', 'Windows XP', 'zh-cn', 'IANA', 'http://localhost:8080', '/shoujitiyan/admin/goods.php?act=list', '/shoujitiyan/goods.php'),
(1242140915, '127.0.0.1', 52, 'FireFox 2.0.0.20', 'Windows XP', 'zh-cn', 'LAN', 'http://localhost:8080', '/shoujitiyan/admin/index.php?act=top', '/shoujitiyan/index.php'),
(1242141002, '127.0.0.1', 54, 'FireFox 2.0.0.20', 'Windows XP', 'zh-cn', 'LAN', 'http://localhost:8080', '/shoujitiyan/user.php', '/shoujitiyan/user.php'),
(1242141352, '127.0.0.1', 57, 'FireFox 2.0.0.20', 'Windows XP', 'zh-cn', 'LAN', 'http://localhost:8080', '/shoujitiyan/user.php?act=address_list', '/shoujitiyan/user.php'),
(1242141605, '127.0.0.1', 59, 'FireFox 2.0.0.20', 'Windows XP', 'zh-cn', 'LAN', 'http://localhost:8080', '/shoujitiyan/user.php', '/shoujitiyan/user.php'),
(1242576210, '127.0.0.1', 72, 'FireFox 2.0.0.20', 'Windows XP', 'zh-cn', 'LAN', 'http://localhost:8080', '/shoujitiyan/admin/index.php?act=top', '/shoujitiyan/index.php'),
(1242576982, '127.0.0.1', 74, 'FireFox 2.0.0.20', 'Windows XP', 'zh-cn', 'LAN', 'http://localhost:8080', '/shoujitiyan/admin/article.php?act=list&uselastfilter=1', '/shoujitiyan/article.php'),
(1242577205, '127.0.0.1', 76, 'FireFox 2.0.0.20', 'Windows XP', 'zh-cn', 'LAN', 'http://localhost:8080', '/shoujitiyan/admin/article.php?act=list', '/shoujitiyan/article.php'),
(1242579230, '127.0.0.1', 78, 'FireFox 2.0.0.20', 'Windows XP', 'zh-cn', 'LAN', 'http://localhost:8080', '/shoujitiyan/admin/index.php?act=top', '/shoujitiyan/index.php'),
(1242973907, '0.0.0.0', 375, 'FireFox 3.0.10', 'Windows XP', 'zh-cn', 'IANA', 'http://localhost:8080', '/shoujitiyan/admin/index.php?act=top', '/shoujitiyan/index.php'),
(1242974337, '0.0.0.0', 377, 'FireFox 3.0.10', 'Windows XP', 'zh-cn', 'IANA', 'http://localhost:8080', '/shoujitiyan/', '/shoujitiyan/search.php'),
(1242976474, '0.0.0.0', 379, 'FireFox 3.0.10', 'Windows XP', 'zh-cn', 'IANA', 'http://localhost:8080', '/shoujitiyan/admin/index.php?act=top', '/shoujitiyan/index.php'),
(1244189098, '0.0.0.0', 418, 'FireFox 3.0.10', 'Windows XP', 'zh-cn', 'IANA', 'http://localhost:8080', '/shoujitiyan/admin/index.php?act=top', '/shoujitiyan/index.php'),
(1244191271, '0.0.0.0', 420, 'FireFox 3.0.10', 'Windows XP', 'zh-cn', 'IANA', 'http://localhost:8080', '/shoujitiyan/index.php', '/shoujitiyan/article.php'),
(1244191479, '0.0.0.0', 422, 'FireFox 3.0.10', 'Windows XP', 'zh-cn', 'IANA', 'http://localhost:8080', '/shoujitiyan/admin/index.php?act=top', '/shoujitiyan/index.php'),
(1244193068, '0.0.0.0', 426, 'FireFox 3.0.10', 'Windows XP', 'zh-cn', 'IANA', 'http://localhost:8080', '/shoujitiyan/article.php?id=33', '/shoujitiyan/index.php'),
(1244772987, '0.0.0.0', 466, 'FireFox 3.0.10', 'Windows XP', 'zh-cn', 'IANA', 'http://localhost:8080', '/shoujitiyan/admin/index.php?act=top', '/shoujitiyan/index.php'),
(1245042503, '0.0.0.0', 472, 'FireFox 3.0.11', 'Windows XP', 'zh-cn', 'IANA', 'http://localhost:8080', '/shouji/admin/privilege.php?act=login', '/shouji/index.php'),
(1245042507, '0.0.0.0', 472, 'FireFox 3.0.11', 'Windows XP', 'zh-cn', 'IANA', 'http://localhost:8080', '/shouji/admin/index.php?act=top', '/shouji/index.php'),
(1245046089, '0.0.0.0', 474, 'FireFox 3.0.11', 'Windows XP', 'zh-cn', 'IANA', 'http://localhost:8080', '/shouji/admin/index.php?act=top', '/shouji/index.php'),
(1245047906, '0.0.0.0', 476, 'FireFox 3.0.11', 'Windows XP', 'zh-cn', 'IANA', 'http://localhost:8080', '/shouji/goods.php?id=24', '/shouji/user.php'),
(1245047951, '0.0.0.0', 478, 'FireFox 3.0.11', 'Windows XP', 'zh-cn', 'IANA', 'http://localhost:8080', '/shouji/group_buy.php?act=view&id=8', '/shouji/goods.php'),
(1245048514, '0.0.0.0', 480, 'FireFox 3.0.11', 'Windows XP', 'zh-cn', 'IANA', 'http://localhost:8080', '/shouji/flow.php?step=checkout', '/shouji/index.php'),
(1245139613, '0.0.0.0', 488, 'FireFox 3.0.11', 'Windows XP', 'zh-cn', 'IANA', 'http://localhost:8080', '/shouji/admin/index.php?act=top', '/shouji/index.php'),
(1245140082, '0.0.0.0', 490, 'FireFox 3.0.11', 'Windows XP', 'zh-cn', 'IANA', '', '', '/shouji/article.php'),
(1245145064, '0.0.0.0', 493, 'FireFox 3.0.11', 'Windows XP', 'zh-cn', 'IANA', 'http://localhost:8080', '/shouji/admin/index.php?act=top', '/shouji/index.php'),
(1245217308, '0.0.0.0', 498, 'FireFox 3.0.11', 'Windows XP', 'zh-cn', 'IANA', 'http://localhost:8080', '/', '/shouji/index.php'),
(1245219380, '0.0.0.0', 499, 'FireFox 3.0.11', 'Windows XP', 'zh-cn', 'IANA', 'http://localhost:8080', '/shouji/admin/index.php?act=top', '/shouji/index.php'),
(1245222219, '0.0.0.0', 500, 'FireFox 3.0.11', 'Windows XP', 'zh-cn', 'IANA', 'http://localhost:8080', '/shouji/admin/goods.php?act=list', '/shouji/goods.php');

--
-- `ecs_suppliers`
--
INSERT INTO `ecs_suppliers` (`suppliers_id`, `suppliers_name`, `suppliers_desc`) VALUES
(1, '北京供商', '北京供商'),
(2, '上海供商', '上海供商');

--
-- `ecs_tag`
--
INSERT INTO `ecs_tag` (`tag_id`, `user_id`, `goods_id`, `tag_words`) VALUES
(1, 0, 13, '音肥C'),
(2, 0, 14, '音肥C'),
(3, 0, 23, '音肥C'),
(4, 0, 23, '智能手C'),
(5, 0, 14, '智能手C'),
(6, 0, 22, '智能手C'),
(7, 0, 31, '音肥C');

--
-- `ecs_topic`
--
INSERT INTO `ecs_topic` (`topic_id`, `title`, `intro`, `start_time`, `end_time`, `data`, `template`, `css`) VALUES
(1, '夏新惠大酬e', '<p>夏新a品惠_始了</p>', 1241107200, 1246291200, 'O:8:"stdClass":1:{s:7:"default";a:1:{i:0;s:11:"夏新N7|17";}}', '', '');

--
-- `ecs_users`
--
INSERT INTO `ecs_users` (`user_id`, `email`, `user_name`, `password`, `question`, `answer`, `sex`, `birthday`, `user_money`, `frozen_money`, `pay_points`, `rank_points`, `address_id`, `reg_time`, `last_login`, `last_time`, `last_ip`, `visit_count`, `user_rank`, `is_special`, `salt`, `parent_id`, `flag`, `alias`, `msn`, `qq`, `office_phone`, `home_phone`, `mobile_phone`, `is_validated`, `credit_line`) VALUES
(1, 'ecshop@ecshop.com', 'ecshop', '554fcae493e564ee0dc75bdf2ebf94ca', '', '', 0, '1960-03-03', 0.00, 0.00, 98388, 15390, 1, 0, 1245048540, '0000-00-00 00:00:00', '0.0.0.0', 11, 0, 0, '0', 0, 0, '', '', '', '', '', '', 0, 0.00),
(2, 'vip@ecshop.com', 'vip', '232059cb5361a9336ccf1b8c2ba7657a', '', '', 0, '1949-01-01', 0.00, 0.00, 0, 0, 0, 0, 0, '0000-00-00 00:00:00', '', 0, 0, 0, '0', 0, 0, '', '', '', '', '', '', 0, 0.00),
(3, 'text@ecshop.com', 'text', '1cb251ec0d568de6a929b520c4aed8d1', '', '', 0, '1949-01-01', 0.00, 0.00, 0, 0, 2, 0, 1242973574, '0000-00-00 00:00:00', '0.0.0.0', 2, 0, 0, '0', 0, 0, '', '', '', '', '', '', 0, 0.00),
(5, 'zuanshi@ecshop.com', 'zuanshi', '815a71fb334412e7ba4595741c5a111d', '', '', 0, '1949-01-01', 0.00, 10000.00, 0, 0, 0, 0, 0, '0000-00-00 00:00:00', '', 0, 3, 0, '0', 0, 0, '', '', '', '', '', '', 0, 0.00);

--
-- `ecs_user_address`
--
INSERT INTO `ecs_user_address` (`address_id`, `address_name`, `user_id`, `consignee`, `email`, `country`, `province`, `city`, `district`, `address`, `zipcode`, `tel`, `mobile`, `sign_building`, `best_time`) VALUES
(1, '', 1, '⑾壬', 'ecshop@ecshop.com', 1, 2, 52, 502, '海d大B', '', '010-25851234', '13986765412', '', ''),
(2, '', 3, '~先生', 'text@ecshop.com', 1, 2, 52, 510, '通州^旗P旋小^', '', '13588104710', '', '', '');

--
-- `ecs_user_bonus`
--
INSERT INTO `ecs_user_bonus` (`bonus_id`, `bonus_type_id`, `bonus_sn`, `user_id`, `used_time`, `order_id`, `emailed`) VALUES
(1, 3, 0, 1, 1242142681, 4, 0),
(2, 4, 1000003379, 1, 1242976699, 14, 0),
(3, 4, 1000018450, 0, 0, 0, 0),
(4, 4, 1000023774, 0, 0, 0, 0),
(5, 4, 1000039394, 0, 0, 0, 0),
(6, 4, 1000049305, 0, 0, 0, 0),
(7, 4, 1000052248, 0, 0, 0, 0),
(8, 4, 1000061542, 0, 0, 0, 0),
(9, 4, 1000070278, 0, 0, 0, 0),
(10, 4, 1000080588, 0, 0, 0, 0),
(11, 4, 1000091405, 0, 0, 0, 0),
(24, 3, 0, 1, 0, 0, 0),
(25, 3, 0, 1, 0, 0, 0),
(26, 3, 0, 1, 0, 0, 0),
(27, 3, 0, 1, 0, 0, 0),
(28, 3, 0, 1, 0, 0, 0),
(29, 3, 0, 1, 0, 0, 0),
(30, 3, 0, 1, 0, 0, 0),
(31, 3, 0, 1, 0, 0, 0);

--
-- `ecs_user_rank`
--

INSERT INTO `ecs_user_rank` (`rank_id`, `rank_name`, `min_points`, `max_points`, `discount`, `show_price`, `special_rank`) VALUES
(2, 'vip', 10000, 10000000, 95, 1, 0),
(3, '代N用', 0, 0, 90, 0, 1);

--
-- `ecs_virtual_card`
--
INSERT INTO `ecs_virtual_card` (`card_id`, `goods_id`, `card_sn`, `card_password`, `add_date`, `end_date`, `is_saled`, `order_sn`, `crc32`) VALUES
(1, 25, 'RVlYQhFY', 'RVlYQhFYQg', 1241972716, 1273449600, 0, '', -1958172277),
(2, 25, 'RVlYQhFYQhFQEg', 'RVlYQhFYQhFQEg', 1241972726, 1273449600, 0, '', -1958172277),
(3, 26, 'RVlYQhFYQg', 'RVlYQhFYQg', 1241972801, 1273449600, 0, '', -1958172277),
(4, 26, 'RVlYQhFYQhFQEVo', 'RVlYQhFYQhFQEVo', 1241972811, 1273449600, 0, '', -1958172277),
(5, 27, 'RlpbQRI', 'RlpbQRJbQQ', 1241972903, 1273449600, 0, '', -1958172277),
(6, 27, 'RlpbQRJbQg', 'RVpbQBJaQRE', 1241972911, 1273449600, 0, '', -1958172277),
(7, 30, 'RVtbQBJYQBJQE1lU', 'R1pYRxJaQhRTEVhXSEdaWA', 1241973121, 1273449600, 0, '', -1958172277),
(8, 30, 'R1pYRxJYRxNTFV9S', 'TF5cQBVdQA', 1241973127, 1273449600, 0, '', -1958172277),
(9, 30, 'Q15cSxZeRhhWFg', 'TV9fSxdfSxdXGFxTQUI', 1241973134, 1273449600, 0, '', -1958172277),
(10, 30, 'QVxaRhRaRhRSF11d', 'TFBeRRheRRhWFlJdSU1Q', 1241973146, 1273449600, 0, '', -1958172277),
(11, 30, 'R1xaRxNcRw', 'QF1dRRVdRBY', 1241973157, 1273449600, 0, '', -1958172277),
(12, 30, 'RlpbQRNdQBJU', 'R1xaQRRaQRVSEg', 1241973164, 1273449600, 0, '', -1958172277),
(13, 30, 'RltdQBRaQQ', 'Rl1dRRheRRhYF10', 1241973170, 1273449600, 0, '', -1958172277),
(14, 30, 'RltdQBVeRhg', 'RlxaQRZeRhVV', 1241973178, 1273449600, 0, '', -1958172277),
(15, 30, 'QFtbRhRaQRZVEw', 'Rl1aQRRaQRZUElg', 1241973185, 1273449600, 0, '', -1958172277);

--
-- `ecs_volume_price`
--
INSERT INTO `ecs_volume_price` (`price_type`, `goods_id`, `volume_number`, `volume_price`) VALUES
(1, 1, 5, 1366.00),
(1, 9, 3, 2200.00),
(1, 9, 5, 2100.00),
(1, 13, 5, 1150.00),
(1, 13, 3, 1200.00);

--
-- `ecs_vote`
--
INSERT INTO `ecs_vote` (`vote_id`, `vote_name`, `start_time`, `end_time`, `can_multi`, `vote_count`) VALUES
(1, '您哪难Y知道我的W站', 1213200000, 1274803200, 0, 0);

--
-- `ecs_vote_option`
--
INSERT INTO `ecs_vote_option` (`option_id`, `vote_id`, `option_name`, `option_count`) VALUES
(1, 1, '', 0),
(2, 1, '朋友', 0),
(3, 1, '友情接', 0);

--
-- `ecs_wholesale`
--
INSERT INTO `ecs_wholesale` (`act_id`, `goods_id`, `goods_name`, `rank_ids`, `prices`, `enabled`) VALUES
(1, 21, '金立 A30', '1,2', 'a:1:{i:0;a:2:{s:4:"attr";a:1:{i:120;s:1:"0";}s:7:"qp_list";a:2:{i:0;a:2:{s:8:"quantity";i:50;s:5:"price";d:1700;}i:1;a:2:{s:8:"quantity";i:100;s:5:"price";d:1680;}}}}', 1);

--
-- `ecs_nav`
--
INSERT INTO `ecs_nav` (`id`, `ctype`, `cid`, `name`, `ifshow`, `vieworder`, `opennew`, `url`, `type`) VALUES
(2, NULL, NULL, 'x中心', 1, 2, 0, 'pick_out.php', 'top'),
(3, '', 0, '查看物', 1, 0, 0, 'flow.php', 'top'),
(4, '', 0, 'F商品', 1, 20, 0, 'group_buy.php', 'middle'),
(5, '', 0, 'Z奇兵', 1, 22, 0, 'snatch.php', 'middle'),
(6, NULL, NULL, '撕', 1, 5, 6, 'tag_cloud.php', 'top'),
(7, NULL, NULL, '免l款', 1, 1, 0, 'article.php?id=1', 'bottom'),
(8, NULL, NULL, '[私保o', 1, 2, 0, 'article.php?id=2', 'bottom'),
(9, NULL, NULL, '咨狳c', 1, 3, 0, 'article.php?id=3', 'bottom'),
(10, NULL, NULL, '系我', 1, 4, 0, 'article.php?id=4', 'bottom'),
(11, NULL, NULL, '公司介', 1, 5, 0, 'article.php?id=5', 'bottom'),
(12, NULL, NULL, '批l方案', 1, 6, 0, 'wholesale.php', 'bottom'),
(14, NULL, NULL, '配送方式', 1, 7, 0, 'myship.php', 'bottom'),
(15, NULL, NULL, '留言板', 1, 99, 0, 'message.php', 'middle'),
(18, 'c', 4, 'p模手C', 1, 14, 0, 'category.php?id=5', 'middle'),
(20, '', 0, 'EC', 1, 100, 1, 'http://bbs.ecshop.com/', 'middle'),
(21, NULL, NULL, '惠活', 1, 21, 0, 'activity.php', 'middle'),
(23, NULL, NULL, 'r', 1, 6, 0, 'quotation.php', 'top'),
(24, NULL, NULL, '拍u活', 1, 23, 0, 'auction.php', 'middle'),
(25, NULL, NULL, 'e分商城', 1, 24, 0, 'exchange.php', 'middle'),
(26, 'c', 3, 'GSM手C', 1, 13, 0, 'category.php?id=3', 'middle'),
(27, 'c', 6, '手C配件', 1, 15, 0, 'category.php?id=6', 'middle');

--
-- `ecs_admin_user`
--

INSERT INTO `ecs_admin_user` (`user_id`, `user_name`, `email`, `password`, `add_time`, `last_login`, `last_ip`, `action_list`, `nav_list`, `lang_type`, `agency_id`, `suppliers_id`, `todolist`) VALUES
(2, 'bjgonghuo1', 'bj@163.com', 'd0c015b6eb9a280f318a4c0510581e7e', 1245044099, 0, '', '', '商品列表|goods.php?act=list,瘟斜|order.php?act=list,用粼u|comment_manage.php?act=list,T列表|users.php?act=list,商店O置|shop_config.php?act=list_edit', '', 0, 1, ''),
(3, 'shhaigonghuo1', 'shanghai@163.com', '4146fecce77907d264f6bd873f4ea27b', 1245044202, 0, '', '', '商品列表|goods.php?act=list,瘟斜|order.php?act=list,用粼u|comment_manage.php?act=list,T列表|users.php?act=list,商店O置|shop_config.php?act=list_edit', '', 0, 2, '');

--
-- `ecs_shop_config`
--

UPDATE `ecs_shop_config` SET value='g迎光R手CW,我的宗旨：\信I、服湛簦\r\n<MARQUEE onmouseover=this.stop() onmouseout=this.start() \r\nscrollAmount=3><U><FONT color=red>\r\n<P>咨010-10124444  010-21252454 8465544</P></FONT></U></MARQUEE>' WHERE id=121;

-- `ecs_products`
--
INSERT INTO `ecs_products` (`product_id`, `goods_id`, `goods_attr`, `product_sn`, `product_number`) VALUES
(1, 32, '163', '', 100),
(2, 24, '167', '', 100),
(3, 23, '175', '', 100),
(4, 21, '188', '', 20),
(5, 20, '194', '', 13),
(6, 17, '201', '', 1),
(7, 14, '213', '', 4),
(8, 13, '217', '', 8),
(9, 10, '239', '', 6),
(10, 10, '240', '', 12),
(11, 9, '227', '', 12),
(12, 9, '226', '', 3),
(13, 8, '231', '', 17),
(14, 1, '237', '', 1);

